-- phpMyAdmin SQL Dump
-- version 5.2.1
-- https://www.phpmyadmin.net/
--
-- Host: 127.0.0.1
-- Generation Time: Jun 02, 2024 at 07:07 AM
-- Server version: 10.4.32-MariaDB
-- PHP Version: 8.2.12

SET SQL_MODE = "NO_AUTO_VALUE_ON_ZERO";
START TRANSACTION;
SET time_zone = "+00:00";


/*!40101 SET @OLD_CHARACTER_SET_CLIENT=@@CHARACTER_SET_CLIENT */;
/*!40101 SET @OLD_CHARACTER_SET_RESULTS=@@CHARACTER_SET_RESULTS */;
/*!40101 SET @OLD_COLLATION_CONNECTION=@@COLLATION_CONNECTION */;
/*!40101 SET NAMES utf8mb4 */;

--
-- Database: `storethoitrang`
--

-- --------------------------------------------------------

--
-- Table structure for table `address`
--

CREATE TABLE `address` (
  `id` int(11) NOT NULL,
  `email` varchar(100) NOT NULL,
  `first_name` varchar(50) NOT NULL,
  `is_default` bit(1) DEFAULT NULL,
  `last_name` varchar(100) NOT NULL,
  `phone` varchar(20) DEFAULT NULL,
  `specific_address` varchar(255) DEFAULT NULL,
  `user_id` int(11) DEFAULT NULL,
  `ward_code` int(11) DEFAULT NULL
) ENGINE=InnoDB DEFAULT CHARSET=utf8mb4 COLLATE=utf8mb4_general_ci;

--
-- Dumping data for table `address`
--

INSERT INTO `address` (`id`, `email`, `first_name`, `is_default`, `last_name`, `phone`, `specific_address`, `user_id`, `ward_code`) VALUES
(1, 'boi09456@gmail.com', 'Nguyễn', b'1', 'Thái', '03546541565', 'test', 1, 1),
(2, '2@gmail.com', 'Nguyễn', b'1', 'Thái', '0123456789', 'd', 2, 3037);

-- --------------------------------------------------------

--
-- Table structure for table `brands`
--

CREATE TABLE `brands` (
  `id` int(11) NOT NULL,
  `description` varchar(200) NOT NULL,
  `logo` varchar(255) NOT NULL,
  `name` varchar(100) NOT NULL
) ENGINE=InnoDB DEFAULT CHARSET=utf8mb4 COLLATE=utf8mb4_general_ci;

--
-- Dumping data for table `brands`
--

INSERT INTO `brands` (`id`, `description`, `logo`, `name`) VALUES
(1, 'Thương hiệu thể thao nổi tiếng', 'https://images.unsplash.com/photo-1620794341491-76be6eeb6946?ixlib=rb-4.0.3&ixid=M3wxMjA3fDB8MHxwaG90by1wYWdlfHx8fGVufDB8fHx8fA%3D%3D&auto=format&fit=crop&w=1740&q=80', 'Adidas'),
(2, 'Thương hiệu thể thao hàng đầu', 'https://images.unsplash.com/photo-1542291026-7eec264c27ff?ixlib=rb-4.0.3&ixid=M3wxMjA3fDB8MHxwaG90by1wYWdlfHx8fGVufDB8fHx8fA%3D%3D&auto=format&fit=crop&w=1740&q=80', 'Nike'),
(3, 'Thương hiệu thời trang cao cấp', 'https://images.unsplash.com/photo-1617114919297-3c8ddb01f599?ixlib=rb-4.0.3&ixid=M3wxMjA3fDB8MHxwaG90by1wYWdlfHx8fGVufDB8fHx8fA%3D%3D&auto=format&fit=crop&w=1740&q=80', 'Zara'),
(4, 'Thương hiệu thời trang bình dân', 'https://images.unsplash.com/photo-1503342217505-b0a15ec3261c?ixlib=rb-4.0.3&ixid=M3wxMjA3fDB8MHxwaG90by1wYWdlfHx8fGVufDB8fHx8fA%3D%3D&auto=format&fit=crop&w=1740&q=80', 'H&M'),
(5, 'Thương hiệu xa xỉ', 'https://images.unsplash.com/photo-1544816155-12df9643f363?ixlib=rb-4.0.3&ixid=M3wxMjA3fDB8MHxwaG90by1wYWdlfHx8fGVufDB8fHx8fA%3D%3D&auto=format&fit=crop&w=1740&q=80', 'Gucci');

-- --------------------------------------------------------

--
-- Table structure for table `carts`
--

CREATE TABLE `carts` (
  `id` int(11) NOT NULL,
  `quantity` int(11) DEFAULT NULL,
  `product_id` int(11) DEFAULT NULL,
  `user_id` int(11) DEFAULT NULL
) ENGINE=InnoDB DEFAULT CHARSET=utf8mb4 COLLATE=utf8mb4_general_ci;

--
-- Dumping data for table `carts`
--

INSERT INTO `carts` (`id`, `quantity`, `product_id`, `user_id`) VALUES
(7, 1, 1, 1);

-- --------------------------------------------------------

--
-- Table structure for table `categories`
--

CREATE TABLE `categories` (
  `id` int(11) NOT NULL,
  `description` varchar(255) DEFAULT NULL,
  `image` varchar(300) DEFAULT NULL,
  `name` varchar(128) NOT NULL
) ENGINE=InnoDB DEFAULT CHARSET=utf8mb4 COLLATE=utf8mb4_general_ci;

--
-- Dumping data for table `categories`
--

INSERT INTO `categories` (`id`, `description`, `image`, `name`) VALUES
(1, 'T-Shirt', 'https://media.shirtinator.com/media/image/a0/30/99/1141-FrontImage-whiteadVkD5wOokVPC.png?v=1715904000011', 'T-Shirt'),
(2, 'Áo sơ mi nam', 'https://images.unsplash.com/photo-1598961942613-ba897716405b?ixlib=rb-4.0.3&ixid=M3wxMjA3fDB8MHxwaG90by1wYWdlfHx8fGVufDB8fHx8fA%3D%3D&auto=format&fit=crop&w=1740&q=80', 'Áo sơ mi'),
(3, 'Quần jean nam', 'https://images.unsplash.com/photo-1582552938357-32b906df40cb?ixlib=rb-4.0.3&ixid=M3wxMjA3fDB8MHxwaG90by1wYWdlfHx8fGVufDB8fHx8fA%3D%3D&auto=format&fit=crop&w=1035&q=80', 'Quần jean'),
(4, 'Váy nữ', 'https://images.unsplash.com/photo-1595777457583-95e059d581b8?ixlib=rb-4.0.3&ixid=M3wxMjA3fDB8MHxwaG90by1wYWdlfHx8fGVufDB8fHx8fA%3D%3D&auto=format&fit=crop&w=1083&q=80', 'Váy'),
(5, 'Áo khoác nam và nữ', 'https://images.unsplash.com/photo-1591047139829-d91aecb6caea?ixlib=rb-4.0.3&ixid=M3wxMjA3fDB8MHxwaG90by1wYWdlfHx8fGVufDB8fHx8fA%3D%3D&auto=format&fit=crop&w=1036&q=80', 'Áo khoác'),
(6, 'Giày nam và nữ', 'https://images.unsplash.com/photo-1560769629-975ec94e6a86?ixlib=rb-4.0.3&ixid=M3wxMjA3fDB8MHxwaG90by1wYWdlfHx8fGVufDB8fHx8fA%3D%3D&auto=format&fit=crop&w=1064&q=80', 'Giày');

-- --------------------------------------------------------

--
-- Table structure for table `districts`
--

CREATE TABLE `districts` (
  `code` int(11) NOT NULL,
  `full_name` varchar(255) DEFAULT NULL,
  `province_code` int(11) DEFAULT NULL
) ENGINE=InnoDB DEFAULT CHARSET=utf8mb4 COLLATE=utf8mb4_general_ci;

--
-- Dumping data for table `districts`
--

INSERT INTO `districts` (`code`, `full_name`, `province_code`) VALUES
(1, 'Huyện An Phú', 1),
(2, 'Huyện Châu Phú', 1),
(3, 'Huyện Châu Thành', 1),
(4, 'Huyện Chợ Mới', 1),
(5, 'Huyện Phú Tân', 1),
(6, 'Huyện Thoại Sơn', 1),
(7, 'Huyện Tịnh Biên', 1),
(8, 'Huyện Tri Tôn', 1),
(9, 'TP. Châu Đốc', 1),
(10, 'TP. Long Xuyên', 1),
(11, 'TX. Tân Châu', 1),
(12, 'Huyện Châu Đức', 2),
(13, 'Huyện Côn Đảo', 2),
(14, 'Huyện Đất Đỏ', 2),
(15, 'Huyện Long Điền', 2),
(16, 'Huyện Xuyên Mộc', 2),
(17, 'Thị Xã Phú Mỹ', 2),
(18, 'TP. Bà Rịa', 2),
(19, 'TP. Vũng Tàu', 2),
(20, 'TX. Phú Mỹ', 2),
(21, 'Huyện Đông Hải', 3),
(22, 'Huyện Hòa Bình', 3),
(23, 'Huyện Hồng Dân', 3),
(24, 'Huyện Phước Long', 3),
(25, 'Huyện Vĩnh Lợi', 3),
(26, 'TP. Bạc Liêu', 3),
(27, 'TX. Giá Rai', 3),
(28, 'Huyện Hiệp Hòa', 4),
(29, 'Huyện Lạng Giang', 4),
(30, 'Huyện Lục Nam', 4),
(31, 'Huyện Lục Ngạn', 4),
(32, 'Huyện Sơn Động', 4),
(33, 'Huyện Tân Yên', 4),
(34, 'Huyện Việt Yên', 4),
(35, 'Huyện Yên Dũng', 4),
(36, 'Huyện Yên Thế', 4),
(37, 'TP. Bắc Giang', 4),
(38, 'Huyện Ba Bể', 5),
(39, 'Huyện Bạch Thông', 5),
(40, 'Huyện Chợ Đồn', 5),
(41, 'Huyện Chợ Mới', 5),
(42, 'Huyện Na Rì', 5),
(43, 'Huyện Ngân Sơn', 5),
(44, 'Huyện Pác Nặm', 5),
(45, 'TP. Bắc Kạn', 5),
(46, 'Huyện Gia Bình', 6),
(47, 'Huyện Lương Tài', 6),
(48, 'Huyện Quế Võ', 6),
(49, 'Huyện Thuận Thành', 6),
(50, 'Huyện Tiên Du', 6),
(51, 'Huyện Yên Phong', 6),
(52, 'TP. Bắc Ninh', 6),
(53, 'TX. Từ Sơn', 6),
(54, 'Huyện Ba Tri', 7),
(55, 'Huyện Bình Đại', 7),
(56, 'Huyện Châu Thành', 7),
(57, 'Huyện Chợ Lách', 7),
(58, 'Huyện Giồng Trôm', 7),
(59, 'Huyện Mỏ Cày Bắc', 7),
(60, 'Huyện Mỏ Cày Nam', 7),
(61, 'Huyện Thạnh Phú', 7),
(62, 'TP. Bến Tre', 7),
(63, 'Huyện Bắc Tân Uyên', 8),
(64, 'Huyện Bàu Bàng', 8),
(65, 'Huyện Dầu Tiếng', 8),
(66, 'Huyện Phú Giáo', 8),
(67, 'TP. Dĩ An', 8),
(68, 'TP. Thủ Dầu Một', 8),
(69, 'TP.Thuận An', 8),
(70, 'TX. Bến Cát', 8),
(71, 'TX. Tân Uyên', 8),
(72, 'Huyện An Lão', 9),
(73, 'Huyện Hoài Ân', 9),
(74, 'Huyện Phù Cát', 9),
(75, 'Huyện Phù Mỹ', 9),
(76, 'Huyện Tây Sơn', 9),
(77, 'Huyện Tuy Phước', 9),
(78, 'Huyện Vân Canh', 9),
(79, 'Huyện Vĩnh Thạnh', 9),
(80, 'TP. Quy Nhơn', 9),
(81, 'TX. An Nhơn', 9),
(82, 'TX. Hoài Nhơn', 9),
(83, 'Huyện Bù Đăng', 10),
(84, 'Huyện Bù Đốp', 10),
(85, 'Huyện Bù Gia Mập', 10),
(86, 'Huyện Chơn Thành', 10),
(87, 'Huyện Đồng Phú', 10),
(88, 'Huyện Hớn Quản', 10),
(89, 'Huyện Lộc Ninh', 10),
(90, 'Huyện Phú Riềng', 10),
(91, 'TP. Đồng Xoài', 10),
(92, 'TX. Bình Long', 10),
(93, 'TX. Phước Long', 10),
(94, 'Huyện Bắc Bình', 11),
(95, 'Huyện Đức Linh', 11),
(96, 'Huyện Hàm Tân', 11),
(97, 'Huyện Hàm Thuận Bắc', 11),
(98, 'Huyện Hàm Thuận Nam', 11),
(99, 'Huyện Phú Quý', 11),
(100, 'Huyện Tánh Linh', 11),
(101, 'Huyện Tuy Phong', 11),
(102, 'TP. Phan Thiết', 11),
(103, 'TX. La Gi', 11),
(104, 'Huyện Cái Nước', 12),
(105, 'Huyện Đầm Dơi', 12),
(106, 'Huyện Năm Căn', 12),
(107, 'Huyện Ngọc Hiển', 12),
(108, 'Huyện Phú Tân', 12),
(109, 'Huyện Thới Bình', 12),
(110, 'Huyện Trần Văn Thời', 12),
(111, 'Huyện U Minh', 12),
(112, 'TP. Cà Mau', 12),
(113, 'Quận Bình Thủy', 13),
(114, 'Quận Cái Răng', 13),
(115, 'Quận Ninh Kiều', 13),
(116, 'Quận Ô Môn', 13),
(117, 'Quận Thốt Nốt', 13),
(118, 'Huyện Cờ Đỏ', 13),
(119, 'Huyện Phong Điền', 13),
(120, 'Huyện Thới Lai', 13),
(121, 'Huyện Vĩnh Thạnh', 13),
(122, 'Huyện Bảo Lạc', 14),
(123, 'Huyện Bảo Lâm', 14),
(124, 'Huyện Hạ Lang', 14),
(125, 'Huyện Hà Quảng', 14),
(126, 'Huyện Hòa An', 14),
(127, 'Huyện Nguyên Bình', 14),
(128, 'Huyện Phục Hòa', 14),
(129, 'Huyện Quảng Hòa', 14),
(130, 'Huyện Quảng Uyên', 14),
(131, 'Huyện Thạch An', 14),
(132, 'Huyện Thông Nông', 14),
(133, 'Huyện Trùng Khánh', 14),
(134, 'TP. Cao Bằng', 14),
(135, 'Quận Cẩm Lệ', 15),
(136, 'Quận Hải Châu', 15),
(137, 'Quận Liên Chiểu', 15),
(138, 'Quận Ngũ Hành Sơn', 15),
(139, 'Quận Sơn Trà', 15),
(140, 'Quận Thanh Khê', 15),
(141, 'Huyện Hòa Vang', 15),
(142, 'Huyện Buôn Đôn', 16),
(143, 'Huyện Cư Kuin', 16),
(144, 'Huyện Cư M\'gar', 16),
(145, 'Huyện Ea H\'leo', 16),
(146, 'Huyện Ea Kar', 16),
(147, 'Huyện Ea Súp', 16),
(148, 'Huyện Krông Ana', 16),
(149, 'Huyện Krông Bông', 16),
(150, 'Huyện Krông Búk', 16),
(151, 'Huyện Krông Năng', 16),
(152, 'Huyện Krông Pắc', 16),
(153, 'Huyện Lăk', 16),
(154, 'Huyện M\'Đrăk', 16),
(155, 'TP. Buôn Ma Thuột', 16),
(156, 'TX. Buôn Hồ', 16),
(157, 'Huyện Cư Jút', 17),
(158, 'Huyện Đăk Glong', 17),
(159, 'Huyện Đăk Mil', 17),
(160, 'Huyện Đăk R\'Lấp', 17),
(161, 'Huyện Đăk Song', 17),
(162, 'Huyện Krông Nô', 17),
(163, 'Huyện Tuy Đức', 17),
(164, 'TP. Gia Nghĩa', 17),
(165, 'Huyện Điện Biên', 18),
(166, 'Huyện Điện Biên Đông', 18),
(167, 'Huyện Mường Ảng', 18),
(168, 'Huyện Mường Chà', 18),
(169, 'Huyện Mường Nhé', 18),
(170, 'Huyện Nậm Pồ', 18),
(171, 'Huyện Tủa Chùa', 18),
(172, 'Huyện Tuần Giáo', 18),
(173, 'TP. Điện Biên Phủ', 18),
(174, 'TX. Mường Lay', 18),
(175, 'Huyện Cẩm Mỹ', 19),
(176, 'Huyện Định Quán', 19),
(177, 'Huyện Long Thành', 19),
(178, 'Huyện Nhơn Trạch', 19),
(179, 'Huyện Tân Phú', 19),
(180, 'Huyện Thống Nhất', 19),
(181, 'Huyện Trảng Bom', 19),
(182, 'Huyện Vĩnh Cửu', 19),
(183, 'Huyện Xuân Lộc', 19),
(184, 'TP. Biên Hòa', 19),
(185, 'TP. Long Khánh', 19),
(186, 'Huyện Cao Lãnh', 20),
(187, 'Huyện Châu Thành', 20),
(188, 'Huyện Hồng Ngự', 20),
(189, 'Huyện Lai Vung', 20),
(190, 'Huyện Lấp Vò', 20),
(191, 'Huyện Tam Nông', 20),
(192, 'Huyện Tân Hồng', 20),
(193, 'Huyện Thanh Bình', 20),
(194, 'Huyện Tháp Mười', 20),
(195, 'TP. Cao Lãnh', 20),
(196, 'TP. Hồng Ngự', 20),
(197, 'TP. Sa Đéc', 20),
(198, 'Huyện Chư Păh', 21),
(199, 'Huyện Chư Prông', 21),
(200, 'Huyện Chư Pưh', 21),
(201, 'Huyện Chư Sê', 21),
(202, 'Huyện Đăk Đoa', 21),
(203, 'Huyện Đắk Pơ', 21),
(204, 'Huyện Đức Cơ', 21),
(205, 'Huyện Ia Grai', 21),
(206, 'Huyện Ia Pa', 21),
(207, 'Huyện KBang', 21),
(208, 'Huyện Kông Chro', 21),
(209, 'Huyện Krông Pa', 21),
(210, 'Huyện Mang Yang', 21),
(211, 'Huyện Phú Thiện', 21),
(212, 'TP. Pleiku', 21),
(213, 'TX. An Khê', 21),
(214, 'TX. Ayun Pa', 21),
(215, 'Thành phố Cam Ranh', 22),
(216, 'Thành phố Nha Trang', 22),
(217, 'Thị xã Ninh Hòa', 22),
(218, 'Huyện Cam Lâm', 22),
(219, 'Huyện đảo Trường Sa', 22),
(220, 'Huyện Diên Khánh', 22),
(221, 'Huyện Khánh Sơn', 22),
(222, 'Huyện Khánh Vĩnh', 22),
(223, 'Huyện Vạn Ninh', 22),
(224, 'Huyện Bình Lục', 23),
(225, 'Huyện Kim Bảng', 23),
(226, 'Huyện Lý Nhân', 23),
(227, 'Huyện Thanh Liêm', 23),
(228, 'TP. Phủ Lý', 23),
(229, 'TX. Duy Tiên', 23),
(230, 'Quận Ba Đình', 24),
(231, 'Quận Bắc Từ Liêm', 24),
(232, 'Quận Cầu Giấy', 24),
(233, 'Quận Đống Đa', 24),
(234, 'Quận Hà Đông', 24),
(235, 'Quận Hai Bà Trưng', 24),
(236, 'Quận Hoàn Kiếm', 24),
(237, 'Quận Hoàng Mai', 24),
(238, 'Quận Long Biên', 24),
(239, 'Quận Nam Từ Liêm', 24),
(240, 'Quận Tây Hồ', 24),
(241, 'Quận Thanh Xuân', 24),
(242, 'Huyện Ba Vì', 24),
(243, 'Huyện Chương Mỹ', 24),
(244, 'Huyện Đan Phượng', 24),
(245, 'Huyện Đông Anh', 24),
(246, 'Huyện Gia Lâm', 24),
(247, 'Huyện Hoài Đức', 24),
(248, 'Huyện Mê Linh', 24),
(249, 'Huyện Mỹ Đức', 24),
(250, 'Huyện Phú Xuyên', 24),
(251, 'Huyện Phúc Thọ', 24),
(252, 'Huyện Quốc Oai', 24),
(253, 'Huyện Sóc Sơn', 24),
(254, 'Huyện Thạch Thất', 24),
(255, 'Huyện Thanh Oai', 24),
(256, 'Huyện Thanh Trì', 24),
(257, 'Huyện Thường Tín', 24),
(258, 'Huyện Ứng Hòa', 24),
(259, 'TX. Sơn Tây', 24),
(260, 'TP. Thủ Đức (Gồm Q2, Q9, Q.TĐ);', 25),
(261, 'Quận 1', 25),
(262, 'Quận 3', 25),
(263, 'Quận 4', 25),
(264, 'Quận 5', 25),
(265, 'Quận 6', 25),
(266, 'Quận 7', 25),
(267, 'Quận 8', 25),
(268, 'Quận 10', 25),
(269, 'Quận 11', 25),
(270, 'Quận 12', 25),
(271, 'Quận Bình Tân', 25),
(272, 'Quận Bình Thạnh', 25),
(273, 'Quận Gò Vấp', 25),
(274, 'Quận Phú Nhuận', 25),
(275, 'Quận Tân Bình', 25),
(276, 'Quận Tân Phú', 25),
(277, 'Huyện Bình Chánh', 25),
(278, 'Huyện Cần Giờ', 25),
(279, 'Huyện Củ Chi', 25),
(280, 'Huyện Hóc Môn', 25),
(281, 'Huyện Nhà Bè', 25);

-- --------------------------------------------------------

--
-- Table structure for table `orders`
--

CREATE TABLE `orders` (
  `id` int(11) NOT NULL,
  `date` date DEFAULT NULL,
  `total_price` double DEFAULT NULL,
  `address_id` int(11) DEFAULT NULL,
  `status_id` int(11) DEFAULT NULL,
  `user_id` int(11) DEFAULT NULL
) ENGINE=InnoDB DEFAULT CHARSET=utf8mb4 COLLATE=utf8mb4_general_ci;

--
-- Dumping data for table `orders`
--

INSERT INTO `orders` (`id`, `date`, `total_price`, `address_id`, `status_id`, `user_id`) VALUES
(2, '2024-05-30', 150, 1, 3, 1),
(3, '2024-06-02', 1150000, 2, 1, 2),
(4, '2024-06-02', 0, 2, 5, 2),
(5, '2024-06-02', 640000, 1, 2, 1),
(6, '2024-06-02', 0, 1, 5, 1),
(7, '2024-06-02', 1350000, 1, 6, 1);

-- --------------------------------------------------------

--
-- Table structure for table `order_detail`
--

CREATE TABLE `order_detail` (
  `id` int(11) NOT NULL,
  `item_price` double DEFAULT NULL,
  `quantity` int(11) DEFAULT NULL,
  `sub_total` double DEFAULT NULL,
  `unit_price` double DEFAULT NULL,
  `order_id` int(11) DEFAULT NULL,
  `product_id` int(11) DEFAULT NULL
) ENGINE=InnoDB DEFAULT CHARSET=utf8mb4 COLLATE=utf8mb4_general_ci;

--
-- Dumping data for table `order_detail`
--

INSERT INTO `order_detail` (`id`, `item_price`, `quantity`, `sub_total`, `unit_price`, `order_id`, `product_id`) VALUES
(1, 123, 1, 108.24, 108.24, 2, 1),
(2, 123, 1, 108.24, 108.24, 2, 2),
(3, 800000, 1, 640000, 640000, 3, 2),
(4, 600000, 1, 510000, 510000, 3, 3),
(5, 800000, 1, 640000, 640000, 5, 2),
(6, 900000, 2, 1350000, 675000, 7, 7);

-- --------------------------------------------------------

--
-- Table structure for table `order_status`
--

CREATE TABLE `order_status` (
  `id` int(11) NOT NULL,
  `description` varchar(255) NOT NULL,
  `name` varchar(50) NOT NULL
) ENGINE=InnoDB DEFAULT CHARSET=utf8mb4 COLLATE=utf8mb4_general_ci;

--
-- Dumping data for table `order_status`
--

INSERT INTO `order_status` (`id`, `description`, `name`) VALUES
(1, 'Đơn mới', 'Chờ xác nhận'),
(2, 'Hủy đơn', 'Yêu cầu hủy'),
(3, 'Đang giao hàng', 'Đang giao hàng'),
(4, 'Đã giao', 'Đã giao'),
(5, 'Da huy', 'Đã hủy'),
(6, 'Đang chờ giao hàng', 'Đang chờ giao hàng');

-- --------------------------------------------------------

--
-- Table structure for table `poster`
--

CREATE TABLE `poster` (
  `id` int(11) NOT NULL,
  `description` varchar(255) DEFAULT NULL,
  `image` varchar(255) DEFAULT NULL,
  `is_active` bit(1) DEFAULT NULL,
  `subtitle` varchar(255) DEFAULT NULL,
  `title` varchar(255) DEFAULT NULL,
  `type` varchar(255) DEFAULT NULL
) ENGINE=InnoDB DEFAULT CHARSET=utf8mb4 COLLATE=utf8mb4_general_ci;

--
-- Dumping data for table `poster`
--

INSERT INTO `poster` (`id`, `description`, `image`, `is_active`, `subtitle`, `title`, `type`) VALUES
(1, NULL, 'https://img.freepik.com/free-vector/flat-horizontal-sale-banner-template-with-photo_23-2149000923.jpg', b'1', NULL, NULL, 'right'),
(2, 'test poster', 'https://fptshop.com.vn/uploads/originals/2024/2/19/638439073803645218_poster-thoi-trang-la-gi-bi-kip-thiet-ke-poster-thoi-trang-an-tuong.png', b'1', 'không biết', 'test poster', 'left'),
(3, 'test poster 2', 'http://res.cloudinary.com/dcjbbvqxe/image/upload/v1717225790/akqzkge6uu0rgzkskoqr.jpg', b'1', 'test', 'test poster 2', 'left');

-- --------------------------------------------------------

--
-- Table structure for table `products`
--

CREATE TABLE `products` (
  `id` int(11) NOT NULL,
  `description` varchar(255) NOT NULL,
  `discount` int(11) DEFAULT NULL,
  `image` varchar(255) NOT NULL,
  `in_stock` int(11) NOT NULL,
  `is_active` bit(1) NOT NULL,
  `name` varchar(255) NOT NULL,
  `price` double NOT NULL,
  `created_at` date NOT NULL,
  `short_description` varchar(255) NOT NULL,
  `sold_quantity` int(11) DEFAULT NULL,
  `brand_id` int(11) DEFAULT NULL,
  `category_id` int(11) DEFAULT NULL
) ENGINE=InnoDB DEFAULT CHARSET=utf8mb4 COLLATE=utf8mb4_general_ci;

--
-- Dumping data for table `products`
--

INSERT INTO `products` (`id`, `description`, `discount`, `image`, `in_stock`, `is_active`, `name`, `price`, `created_at`, `short_description`, `sold_quantity`, `brand_id`, `category_id`) VALUES
(1, 'Áo sơ mi trắng nam cao cấp', 10, 'https://images.unsplash.com/photo-1596755094514-f87e34085b2c?ixlib=rb-4.0.3&ixid=M3wxMjA3fDB8MHxwaG90by1wYWdlfHx8fGVufDB8fHx8fA%3D%3D&auto=format&fit=crop&w=1288&q=80', 100, b'1', 'Áo sơ mi trắng', 500000, '2024-05-20', 'Áo sơ mi trắng nam', 50, 1, 1),
(2, 'Quần jean xanh nam', 20, 'https://images.unsplash.com/photo-1475178626620-a4d074967452?ixlib=rb-4.0.3&ixid=M3wxMjA3fDB8MHxwaG90by1wYWdlfHx8fGVufDB8fHx8fA%3D%3D&auto=format&fit=crop&w=1686&q=80', 78, b'1', 'Quần jean xanh', 800000, '2024-05-20', 'Quần jean xanh nam', 32, 2, 2),
(3, 'Váy hoa nữ dễ thương', 15, 'https://images.unsplash.com/photo-1572804013309-59a88b7e92f1?ixlib=rb-4.0.3&ixid=M3wxMjA3fDB8MHxwaG90by1wYWdlfHx8fGVufDB8fHx8fA%3D%3D&auto=format&fit=crop&w=1746&q=80', 119, b'1', 'Váy hoa', 600000, '2024-05-20', 'Váy hoa nữ', 71, 3, 3),
(4, 'Áo khoác da nam', 5, 'https://images.unsplash.com/photo-1551028719-00167b16eac5?ixlib=rb-4.0.3&ixid=M3wxMjA3fDB8MHxwaG90by1wYWdlfHx8fGVufDB8fHx8fA%3D%3D&auto=format&fit=crop&w=1740&q=80', 50, b'1', 'Áo khoác da', 1200000, '2024-05-20', 'Áo khoác da nam', 20, 4, 4),
(5, 'Giày thể thao nam', 30, 'https://images.unsplash.com/photo-1606107557195-0e29a4b5b4aa?ixlib=rb-4.0.3&ixid=M3wxMjA3fDB8MHxwaG90by1wYWdlfHx8fGVufDB8fHx8fA%3D%3D&auto=format&fit=crop&w=1064&q=80', 200, b'1', 'Giày thể thao', 1000000, '2024-05-20', 'Giày thể thao nam', 100, 5, 5),
(6, 'Áo sơ mi đen nam', 0, 'https://images.unsplash.com/photo-1618517351616-38fb9c5210c6?ixlib=rb-4.0.3&ixid=M3wxMjA3fDB8MHxwaG90by1wYWdlfHx8fGVufDB8fHx8fA%3D%3D&auto=format&fit=crop&w=1740&q=80', 90, b'1', 'Áo sơ mi đen', 450000, '2024-05-20', 'Áo sơ mi đen nam', 40, 1, 1),
(7, 'Quần jean rách nam', 25, 'https://images.unsplash.com/photo-1541099649105-f69ad21f3246?ixlib=rb-4.0.3&ixid=M3wxMjA3fDB8MHxwaG90by1wYWdlfHx8fGVufDB8fHx8fA%3D%3D&auto=format&fit=crop&w=1587&q=80', 58, b'1', 'Quần jean rách', 900000, '2024-05-20', 'Quần jean rách nam', 27, 2, 2),
(8, 'Váy đen nữ quyến rũ', 10, 'https://images.unsplash.com/photo-1550639525-c97d455acf70?ixlib=rb-4.0.3&ixid=M3wxMjA3fDB8MHxwaG90by1wYWdlfHx8fGVufDB8fHx8fA%3D%3D&auto=format&fit=crop&w=1726&q=80', 110, b'1', 'Váy đen', 700000, '2024-05-20', 'Váy đen nữ', 60, 3, 3),
(9, 'Áo khoác nỉ unisex', 0, 'https://images.unsplash.com/photo-1620799140408-edc6dcb6d633?ixlib=rb-4.0.3&ixid=M3wxMjA3fDB8MHxwaG90by1wYWdlfHx8fGVufDB8fHx8fA%3D%3D&auto=format&fit=crop&w=1744&q=80', 150, b'1', 'Áo khoác nỉ', 800000, '2024-05-20', 'Áo khoác nỉ unisex', 80, 4, 4),
(10, 'Giày cao gót nữ', 20, 'https://images.unsplash.com/photo-1543163521-1bf539c55dd2?ixlib=rb-4.0.3&ixid=M3wxMjA3fDB8MHxwaG90by1wYWdlfHx8fGVufDB8fHx8fA%3D%3D&auto=format&fit=crop&w=1740&q=80', 70, b'1', 'Giày cao gót', 1500000, '2024-05-20', 'Giày cao gót nữ', 30, 5, 5),
(11, 'Áo sơ mi kẻ nam', 5, 'https://images.unsplash.com/photo-1603252109612-24fa03d145c8?ixlib=rb-4.0.3&ixid=M3wxMjA3fDB8MHxwaG90by1wYWdlfHx8fGVufDB8fHx8fA%3D%3D&auto=format&fit=crop&w=1740&q=80', 120, b'1', 'Áo sơ mi kẻ', 550000, '2024-05-20', 'Áo sơ mi kẻ nam', 60, 1, 1),
(12, 'Quần jean xám nam', 15, 'https://images.unsplash.com/photo-1611312449408-fcece27cdbb7?ixlib=rb-4.0.3&ixid=M3wxMjA3fDB8MHxwaG90by1wYWdlfHx8fGVufDB8fHx8fA%3D%3D&auto=format&fit=crop&w=1738&q=80', 90, b'1', 'Quần jean xám', 750000, '2024-05-20', 'Quần jean xám nam', 35, 2, 2),
(13, 'Váy trắng nữ', 10, 'https://images.unsplash.com/photo-1515372039744-b8f02a3ae446?ixlib=rb-4.0.3&ixid=M3wxMjA3fDB8MHxwaG90by1wYWdlfHx8fGVufDB8fHx8fA%3D%3D&auto=format&fit=crop&w=1740&q=80', 100, b'1', 'Váy trắng', 800000, '2024-05-20', 'Váy trắng nữ', 55, 3, 3),
(14, 'Áo khoác denim unisex', 0, 'https://images.unsplash.com/photo-1527016021513-b09758b777bd?ixlib=rb-4.0.3&ixid=M3wxMjA3fDB8MHxwaG90by1wYWdlfHx8fGVufDB8fHx8fA%3D%3D&auto=format&fit=crop&w=1742&q=80', 80, b'1', 'Áo khoác denim', 1100000, '2024-05-20', 'Áo khoác denim unisex', 40, 4, 4),
(15, 'Giày da nam', 25, 'https://images.unsplash.com/photo-1610398752800-146f269dfcc8?ixlib=rb-4.0.3&ixid=M3wxMjA3fDB8MHxwaG90by1wYWdlfHx8fGVufDB8fHx8fA%3D%3D&auto=format&fit=crop&w=1740&q=80', 60, b'1', 'Giày da', 1800000, '2024-05-20', 'Giày da nam', 20, 5, 5);

-- --------------------------------------------------------

--
-- Table structure for table `provinces`
--

CREATE TABLE `provinces` (
  `code` int(11) NOT NULL,
  `full_name` varchar(255) DEFAULT NULL
) ENGINE=InnoDB DEFAULT CHARSET=utf8mb4 COLLATE=utf8mb4_general_ci;

--
-- Dumping data for table `provinces`
--

INSERT INTO `provinces` (`code`, `full_name`) VALUES
(1, 'An Giang'),
(2, 'Bà Rịa - Vũng Tàu'),
(3, 'Bạc Liêu'),
(4, 'Bắc Giang'),
(5, 'Bắc Cạn'),
(6, 'Bắc Ninh'),
(7, 'Bến Tre'),
(8, 'Bình Dương'),
(9, 'Bình Định'),
(10, 'Bình Phước'),
(11, 'Bình Thuận'),
(12, 'Cà Mau'),
(13, 'Cần Thơ'),
(14, 'Cao Bằng'),
(15, 'Đà Nẵng'),
(16, 'Đắk Lắk'),
(17, 'Đắk Nông'),
(18, 'Điện Biên'),
(19, 'Đồng Nai'),
(20, 'Đồng Tháp'),
(21, 'Gia Lai'),
(22, 'Khánh Hòa'),
(23, 'Hà Nam'),
(24, 'Hà Nội'),
(25, 'Hồ Chí Minh');

-- --------------------------------------------------------

--
-- Table structure for table `roles`
--

CREATE TABLE `roles` (
  `id` int(11) NOT NULL,
  `name` varchar(20) NOT NULL
) ENGINE=InnoDB DEFAULT CHARSET=utf8mb4 COLLATE=utf8mb4_general_ci;

--
-- Dumping data for table `roles`
--

INSERT INTO `roles` (`id`, `name`) VALUES
(2, 'ADMIN'),
(1, 'USER');

-- --------------------------------------------------------

--
-- Table structure for table `users`
--

CREATE TABLE `users` (
  `id` int(11) NOT NULL,
  `email` varchar(100) NOT NULL,
  `first_name` varchar(50) NOT NULL,
  `is_active` bit(1) NOT NULL,
  `last_name` varchar(100) NOT NULL,
  `password` varchar(100) DEFAULT NULL,
  `phone` varchar(20) DEFAULT NULL,
  `created_at` date NOT NULL
) ENGINE=InnoDB DEFAULT CHARSET=utf8mb4 COLLATE=utf8mb4_general_ci;

--
-- Dumping data for table `users`
--

INSERT INTO `users` (`id`, `email`, `first_name`, `is_active`, `last_name`, `password`, `phone`, `created_at`) VALUES
(1, 'boi09456@gmail.com', 'Nguyễn', b'1', 'Thái', '$2a$10$aSnuA.GV1BXC10OlErfkvem3XJ9HtbTkGOd2L1aGxKJv7VXgicJAe', '012321312322', '2024-05-18'),
(2, 'admin@gmail.com', 'Quản trị', b'1', 'Viên', '$2a$10$0bmSBq/HHkOClqBDzAaW.ee9stmvi457BtIRhXTb/0Jk7yI0chO.q', '01232455242', '2024-05-18');

-- --------------------------------------------------------

--
-- Table structure for table `users_roles`
--

CREATE TABLE `users_roles` (
  `user_id` int(11) NOT NULL,
  `role_id` int(11) NOT NULL
) ENGINE=InnoDB DEFAULT CHARSET=utf8mb4 COLLATE=utf8mb4_general_ci;

--
-- Dumping data for table `users_roles`
--

INSERT INTO `users_roles` (`user_id`, `role_id`) VALUES
(1, 1),
(2, 2);

-- --------------------------------------------------------

--
-- Table structure for table `wards`
--

CREATE TABLE `wards` (
  `code` int(11) NOT NULL,
  `full_name` varchar(255) DEFAULT NULL,
  `district_code` int(11) DEFAULT NULL
) ENGINE=InnoDB DEFAULT CHARSET=utf8mb4 COLLATE=utf8mb4_general_ci;

--
-- Dumping data for table `wards`
--

INSERT INTO `wards` (`code`, `full_name`, `district_code`) VALUES
(1, 'Thị trấn An Phú', 1),
(2, 'Thị trấn Long Bình', 1),
(3, 'Xã Đa Phước', 1),
(4, 'Xã Khánh An', 1),
(5, 'Xã Khánh Bình', 1),
(6, 'Xã Nhơn Hội', 1),
(7, 'Xã Phú Hội', 1),
(8, 'Xã Phú Hữu', 1),
(9, 'Xã Phước Hưng', 1),
(10, 'Xã Quốc Thái', 1),
(11, 'Xã Vĩnh Hậu', 1),
(12, 'Xã Vĩnh Hội Đông', 1),
(13, 'Xã Vĩnh Lộc', 1),
(14, 'Xã Vĩnh Trường', 1),
(15, 'Thị trấn Vĩnh Thạnh Trung', 2),
(16, 'Thị trấn Cái Dầu', 2),
(17, 'Xã Bình Chánh', 2),
(18, 'Xã Bình Long', 2),
(19, 'Xã Bình Mỹ', 2),
(20, 'Xã Bình Phú', 2),
(21, 'Xã Bình Thủy', 2),
(22, 'Xã Đào Hữu Cảnh', 2),
(23, 'Xã Khánh Hòa', 2),
(24, 'Xã Mỹ Đức', 2),
(25, 'Xã Mỹ Phú', 2),
(26, 'Xã ô Long Vỹ', 2),
(27, 'Xã Thạnh Mỹ Tây', 2),
(28, 'Thị trấn An Châu', 3),
(29, 'Thị Trấn Vĩnh Bình', 3),
(30, 'Xã An Hòa', 3),
(31, 'Xã Bình Hòa', 3),
(32, 'Xã Bình Thạnh', 3),
(33, 'Xã Cần Đăng', 3),
(34, 'Xã Hòa Bình Thạnh', 3),
(35, 'Xã Tân Phú', 3),
(36, 'Xã Vĩnh An', 3),
(37, 'Xã Vĩnh Hanh', 3),
(38, 'Xã Vĩnh Lợi', 3),
(39, 'Xã Vĩnh Nhuận', 3),
(40, 'Xã Vĩnh Thành', 3),
(41, 'Thị trấn Chợ Mới', 4),
(42, 'Thị trấn Mỹ Luông', 4),
(43, 'Xã An Thạnh Trung', 4),
(44, 'Xã Bình Phước Xuân', 4),
(45, 'Xã Hòa An', 4),
(46, 'Xã Hòa Bình', 4),
(47, 'Xã Hội An', 4),
(48, 'Xã Kiến An', 4),
(49, 'Xã Kiến Thành', 4),
(50, 'Xã Long Điền A', 4),
(51, 'Xã Long Điền B', 4),
(52, 'Xã Long Giang', 4),
(53, 'Xã Long Kiến', 4),
(54, 'Xã Mỹ An', 4),
(55, 'Xã Mỹ Hiệp', 4),
(56, 'Xã Mỹ Hội Đông', 4),
(57, 'Xã Nhơn Mỹ', 4),
(58, 'Xã Tấn Mỹ', 4),
(59, 'Thị trấn Chợ Vàm', 5),
(60, 'Thị trấn Phú Mỹ', 5),
(61, 'Xã Bình Thạnh Đông', 5),
(62, 'Xã Hiệp Xương', 5),
(63, 'Xã Hòa Lạc', 5),
(64, 'Xã Long Hòa', 5),
(65, 'Xã Phú An', 5),
(66, 'Xã Phú Bình', 5),
(67, 'Xã Phú Hiệp', 5),
(68, 'Xã Phú Hưng', 5),
(69, 'Xã Phú Lâm', 5),
(70, 'Xã Phú Long', 5),
(71, 'Xã Phú Thành', 5),
(72, 'Xã Phú Thạnh', 5),
(73, 'Xã Phú Thọ', 5),
(74, 'Xã Phú Xuân', 5),
(75, 'Xã Tân Hòa', 5),
(76, 'Xã Tân Trung', 5),
(77, 'Thị trấn Núi Sập', 6),
(78, 'Thị trấn óc Eo', 6),
(79, 'Thị Trấn Phú Hòa', 6),
(80, 'Xã An Bình', 6),
(81, 'Xã Bình Thành', 6),
(82, 'Xã Định Mỹ', 6),
(83, 'Xã Định Thành', 6),
(84, 'Xã Mỹ Phú Đông', 6),
(85, 'Xã Phú Thuận', 6),
(86, 'Xã Tây Phú', 6),
(87, 'Xã Thoại Giang', 6),
(88, 'Xã Vĩnh Chánh', 6),
(89, 'Xã Vĩnh Khánh', 6),
(90, 'Xã Vĩnh Phú', 6),
(91, 'Xã Vĩnh Trạch', 6),
(92, 'Xã Vọng Đông', 6),
(93, 'Xã Vọng Thê', 6),
(94, 'Thị trấn Chi Lăng', 7),
(95, 'Thị trấn Nhà Bàng', 7),
(96, 'Thị trấn Tịnh Biên', 7),
(97, 'Xã An Cư', 7),
(98, 'Xã An Hảo', 7),
(99, 'Xã An Nông', 7),
(100, 'Xã An Phú', 7),
(101, 'Xã Nhơn Hưng', 7),
(102, 'Xã Núi Voi', 7),
(103, 'Xã Tân Lập', 7),
(104, 'Xã Tân Lợi', 7),
(105, 'Xã Thới Sơn', 7),
(106, 'Xã Văn Giáo', 7),
(107, 'Xã Vĩnh Trung', 7),
(108, 'Thị trấn Ba Chúc', 8),
(109, 'Thị Trấn Cô Tô', 8),
(110, 'Thị trấn Tri Tôn', 8),
(111, 'Xã An Tức', 8),
(112, 'Xã Châu Lăng', 8),
(113, 'Xã Lạc Quới', 8),
(114, 'Xã Lê Trì', 8),
(115, 'Xã Lương An Trà', 8),
(116, 'Xã Lương Phi', 8),
(117, 'Xã Núi Tô', 8),
(118, 'Xã ô Lâm', 8),
(119, 'Xã Tà Đảnh', 8),
(120, 'Xã Tân Tuyến', 8),
(121, 'Xã Vĩnh Gia', 8),
(122, 'Xã Vĩnh Phước', 8),
(123, 'Phường Châu Phú A', 9),
(124, 'Phường Châu Phú B', 9),
(125, 'Phường Núi Sam', 9),
(126, 'Phường Vĩnh Mỹ', 9),
(127, 'Xã Vĩnh Châu', 9),
(128, 'Xã Vĩnh Ngươn', 9),
(129, 'Xã Vĩnh Tế', 9),
(130, 'Phường Bình Đức', 10),
(131, 'Phường Bình Khánh', 10),
(132, 'Phường Đông Xuyên', 10),
(133, 'Phường Mỹ Bình', 10),
(134, 'Phường Mỹ Hòa', 10),
(135, 'Phường Mỹ Long', 10),
(136, 'Phường Mỹ Phước', 10),
(137, 'Phường Mỹ Quý', 10),
(138, 'Phường Mỹ Thạnh', 10),
(139, 'Phường Mỹ Thới', 10),
(140, 'Phường Mỹ Xuyên', 10),
(141, 'Xã Mỹ Hoà Hưng', 10),
(142, 'Xã Mỹ Khánh', 10),
(143, 'Phường Long Sơn', 11),
(144, 'Phường Long Châu', 11),
(145, 'Phường Long Hưng', 11),
(146, 'Phường Long Phú', 11),
(147, 'Phường Long Thạnh', 11),
(148, 'Xã Châu Phong', 11),
(149, 'Xã Lê Chánh', 11),
(150, 'Xã Long An', 11),
(151, 'Xã Phú Lộc', 11),
(152, 'Xã Phú Vĩnh', 11),
(153, 'Xã Tân An', 11),
(154, 'Xã Tân Thạnh', 11),
(155, 'Xã Vĩnh Hòa', 11),
(156, 'Xã Vĩnh Xương', 11),
(157, 'Thị trấn Ngãi Giao', 12),
(158, 'Xã Bàu Chinh', 12),
(159, 'Xã Bình Ba', 12),
(160, 'Xã Bình Giã', 12),
(161, 'Xã Bình Trung', 12),
(162, 'Xã Cù Bị', 12),
(163, 'Xã Đá Bạc', 12),
(164, 'Xã Kim Long', 12),
(165, 'Xã Láng Lớn', 12),
(166, 'Xã Nghĩa Thành', 12),
(167, 'Xã Quảng Thành', 12),
(168, 'Xã Sơn Bình', 12),
(169, 'Xã Suối Nghệ', 12),
(170, 'Xã Suối Rao', 12),
(171, 'Xã Xà Bang', 12),
(172, 'Xã Xuân Sơn', 12),
(173, 'Thị trấn Côn Đảo', 13),
(174, 'Thị trấn Đất Đỏ', 14),
(175, 'Thị Trấn Phước Hải', 14),
(176, 'Xã Láng Dài', 14),
(177, 'Xã Lộc An', 14),
(178, 'Xã Long Mỹ', 14),
(179, 'Xã Long Tân', 14),
(180, 'Xã Phước Hội', 14),
(181, 'Xã Phước Long Thọ', 14),
(182, 'Thị trấn Long Điền', 15),
(183, 'Thị trấn Long Hải', 15),
(184, 'Xã An Ngãi', 15),
(185, 'Xã An Nhứt', 15),
(186, 'Xã Phước Hưng', 15),
(187, 'Xã Phước Tỉnh', 15),
(188, 'Xã Tam Phước', 15),
(189, 'Thị trấn Phước Bửu', 16),
(190, 'Xã Bàu Lâm', 16),
(191, 'Xã Bình Châu', 16),
(192, 'Xã Bông Trang', 16),
(193, 'Xã Bưng Riềng', 16),
(194, 'Xã Hòa Bình', 16),
(195, 'Xã Hòa Hiệp', 16),
(196, 'Xã Hòa Hội', 16),
(197, 'Xã Hòa Hưng', 16),
(198, 'Xã Phước Tân', 16),
(199, 'Xã Phước Thuận', 16),
(200, 'Xã Tân Lâm', 16),
(201, 'Xã Xuyên Mộc', 16),
(202, 'Thị trấn Phú Mỹ', 17),
(203, 'Xã Châu Pha', 17),
(204, 'Xã Hắc Dịch', 17),
(205, 'Xã Mỹ Xuân', 17),
(206, 'Xã Phước Hoà', 17),
(207, 'Xã Sông Xoài', 17),
(208, 'Xã Tân Hải', 17),
(209, 'Xã Tân Hoà', 17),
(210, 'Xã Tân Phước', 17),
(211, 'Xã Tóc Tiên', 17),
(212, 'Phường Kim Dinh', 18),
(213, 'Phường Long Hương', 18),
(214, 'Phường Long Tâm', 18),
(215, 'Phường Long Toàn', 18),
(216, 'Phường Phước Hiệp', 18),
(217, 'Phường Phước Hưng', 18),
(218, 'Phường Phước Nguyên', 18),
(219, 'Phường Phước Trung', 18),
(220, 'Xã Hoà Long', 18),
(221, 'Xã Long Phước', 18),
(222, 'Xã Tân Hưng', 18),
(223, 'Phường 1', 19),
(224, 'Phường 2', 19),
(225, 'Phường 3', 19),
(226, 'Phường 4', 19),
(227, 'Phường 5', 19),
(228, 'Phường 7', 19),
(229, 'Phường 8', 19),
(230, 'Phường 9', 19),
(231, 'Phường 10', 19),
(232, 'Phường 11', 19),
(233, 'Phường 12', 19),
(234, 'Phường Nguyễn An Ninh', 19),
(235, 'Phường Rạch Dừa', 19),
(236, 'Phường Thắng Nhất', 19),
(237, 'Phường Thắng Nhì', 19),
(238, 'Phường Thắng Tam', 19),
(239, 'Xã Long Sơn', 19),
(240, 'Phường Hắc Dịch', 20),
(241, 'Phường Mỹ Xuân', 20),
(242, 'Phường Phú Mỹ', 20),
(243, 'Phường Phước Hòa', 20),
(244, 'Phường Tân Phước', 20),
(245, 'Xã Châu Pha', 20),
(246, 'Xã Sông Xoài', 20),
(247, 'Xã Tân Hải', 20),
(248, 'Xã Tân Hòa', 20),
(249, 'Xã Tóc Tiên', 20),
(250, 'Thị trấn Gành Hào', 21),
(251, 'Xã An Phúc', 21),
(252, 'Xã An Trạch', 21),
(253, 'Xã An Trạch A', 21),
(254, 'Xã Điền Hải', 21),
(255, 'Xã Định Thành', 21),
(256, 'Xã Định Thành A', 21),
(257, 'Xã Long Điền', 21),
(258, 'Xã Long Điền Đông', 21),
(259, 'Xã Long Điền Đông A', 21),
(260, 'Xã Long Điền Tây', 21),
(261, 'Thị trấn Hòa Bình', 22),
(262, 'Xã Minh Diệu', 22),
(263, 'Xã Vĩnh Bình', 22),
(264, 'Xã Vĩnh Hậu', 22),
(265, 'Xã Vĩnh Hậu A', 22),
(266, 'Xã Vĩnh Mỹ A', 22),
(267, 'Xã Vĩnh Mỹ B', 22),
(268, 'Xã Vĩnh Thịnh', 22),
(269, 'Thị trấn Ngan Dừa', 23),
(270, 'Xã Lộc Ninh', 23),
(271, 'Xã Ninh Hòa', 23),
(272, 'Xã Ninh Quới', 23),
(273, 'Xã Ninh Quới A', 23),
(274, 'Xã Ninh Thạnh Lợi', 23),
(275, 'Xã Ninh Thạnh Lợi A', 23),
(276, 'Xã Vĩnh Lộc', 23),
(277, 'Xã Vĩnh Lộc A', 23),
(278, 'Thị trấn Phước Long', 24),
(279, 'Xã Hưng Phú', 24),
(280, 'Xã Phong Thạnh Tây A', 24),
(281, 'Xã Phong Thạnh Tây B', 24),
(282, 'Xã Phước Long', 24),
(283, 'Xã Vĩnh Phú Đông', 24),
(284, 'Xã Vĩnh Phú Tây', 24),
(285, 'Xã Vĩnh Thanh', 24),
(286, 'Thị trấn Châu Hưng', 25),
(287, 'Xã Châu Hưng A', 25),
(288, 'Xã Châu Thới', 25),
(289, 'Xã Hưng Hội', 25),
(290, 'Xã Hưng Thành', 25),
(291, 'Xã Long Thạnh', 25),
(292, 'Xã Vĩnh Hưng', 25),
(293, 'Xã Vĩnh Hưng A', 25),
(294, 'Phường 1', 26),
(295, 'Phường 2', 26),
(296, 'Phường 3', 26),
(297, 'Phường 5', 26),
(298, 'Phường 7', 26),
(299, 'Phường 8', 26),
(300, 'Phường Nhà Mát', 26),
(301, 'Xã Hiệp Thành', 26),
(302, 'Xã Vĩnh Trạch', 26),
(303, 'Xã Vĩnh Trạch Đông', 26),
(304, 'Phường 01', 27),
(305, 'Phường Hộ Phòng', 27),
(306, 'Phường Láng Tròn', 27),
(307, 'Xã Phong Tân', 27),
(308, 'Xã Phong Thạnh', 27),
(309, 'Xã Phong Thạnh A', 27),
(310, 'Xã Phong Thạnh Đông', 27),
(311, 'Xã Phong Thạnh Đông A', 27),
(312, 'Xã Phong Thạnh Tây', 27),
(313, 'Xã Tân Phong', 27),
(314, 'Xã Tân Thạnh', 27),
(315, 'Thị trấn Thắng', 28),
(316, 'Xã Bắc Lý', 28),
(317, 'Xã Châu Minh', 28),
(318, 'Xã Đại Thành', 28),
(319, 'Xã Danh Thắng', 28),
(320, 'Xã Đoan Bái', 28),
(321, 'Xã Đông Lỗ', 28),
(322, 'Xã Đồng Tân', 28),
(323, 'Xã Đức Thắng', 28),
(324, 'Xã Hòa Sơn', 28),
(325, 'Xã Hoàng An', 28),
(326, 'Xã Hoàng Lương', 28),
(327, 'Xã Hoàng Thanh', 28),
(328, 'Xã Hoàng Vân', 28),
(329, 'Xã Hợp Thịnh', 28),
(330, 'Xã Hùng Sơn', 28),
(331, 'Xã Hương Lâm', 28),
(332, 'Xã Lương Phong', 28),
(333, 'Xã Mai Đình', 28),
(334, 'Xã Mai Trung', 28),
(335, 'Xã Ngọc Sơn', 28),
(336, 'Xã Quang Minh', 28),
(337, 'Xã Thái Sơn', 28),
(338, 'Xã Thanh Vân', 28),
(339, 'Xã Thường Thắng', 28),
(340, 'Xã Xuân Cẩm', 28),
(341, 'Thị trấn Kép', 29),
(342, 'Thị trấn Vôi', 29),
(343, 'Xã An Hà', 29),
(344, 'Xã Đại Lâm', 29),
(345, 'Xã Đào Mỹ', 29),
(346, 'Xã Dương Đức', 29),
(347, 'Xã Hương Lạc', 29),
(348, 'Xã Hương Sơn', 29),
(349, 'Xã Mỹ Hà', 29),
(350, 'Xã Mỹ Thái', 29),
(351, 'Xã Nghĩa Hòa', 29),
(352, 'Xã Nghĩa Hưng', 29),
(353, 'Xã Phi Mô', 29),
(354, 'Xã Quang Thịnh', 29),
(355, 'Xã Tân Dĩnh', 29),
(356, 'Xã Tân Hưng', 29),
(357, 'Xã Tân Thanh', 29),
(358, 'Xã Tân Thịnh', 29),
(359, 'Xã Thái Đào', 29),
(360, 'Xã Tiên Lục', 29),
(361, 'Xã Xuân Hương', 29),
(362, 'Xã Xương Lâm', 29),
(363, 'Xã Yên Mỹ', 29),
(364, 'Thị trấn Đồi Ngô', 30),
(365, 'Thị trấn Lục Nam', 30),
(366, 'Xã Bắc Lũng', 30),
(367, 'Xã Bảo Đài', 30),
(368, 'Xã Bảo Sơn', 30),
(369, 'Xã Bình Sơn', 30),
(370, 'Xã Cẩm Lý', 30),
(371, 'Xã Chu Điện', 30),
(372, 'Xã Cương Sơn', 30),
(373, 'Xã Đan Hội', 30),
(374, 'Xã Đông Hưng', 30),
(375, 'Xã Đông Phú', 30),
(376, 'Xã Huyền Sơn', 30),
(377, 'Xã Khám Lạng', 30),
(378, 'Xã Lan Mẫu', 30),
(379, 'Xã Lục Sơn', 30),
(380, 'Xã Nghĩa Phương', 30),
(381, 'Xã Phương Sơn', 30),
(382, 'Xã Tam Dị', 30),
(383, 'Xã Thanh Lâm', 30),
(384, 'Xã Tiên Hưng', 30),
(385, 'Xã Tiên Nha', 30),
(386, 'Xã Trường Giang', 30),
(387, 'Xã Trường Sơn', 30),
(388, 'Xã Vô Tranh', 30),
(389, 'Xã Vũ Xá', 30),
(390, 'Xã Yên Sơn', 30),
(391, 'Thị trấn Chũ', 31),
(392, 'Xã Biển Động', 31),
(393, 'Xã Biên Sơn', 31),
(394, 'Xã Cấm Sơn', 31),
(395, 'Xã Đèo Gia', 31),
(396, 'Xã Đồng Cốc', 31),
(397, 'Xã Giáp Sơn', 31),
(398, 'Xã Hộ Đáp', 31),
(399, 'Xã Hồng Giang', 31),
(400, 'Xã Kiên Lao', 31),
(401, 'Xã Kiên Thành', 31),
(402, 'Xã Kim Sơn', 31),
(403, 'Xã Mỹ An', 31),
(404, 'Xã Nam Dương', 31),
(405, 'Xã Nghĩa Hồ', 31),
(406, 'Xã Phì Điền', 31),
(407, 'Xã Phong Minh', 31),
(408, 'Xã Phong Vân', 31),
(409, 'Xã Phú Nhuận', 31),
(410, 'Xã Phượng Sơn', 31),
(411, 'Xã Quý Sơn', 31),
(412, 'Xã Sơn Hải', 31),
(413, 'Xã Tân Hoa', 31),
(414, 'Xã Tân Lập', 31),
(415, 'Xã Tân Mộc', 31),
(416, 'Xã Tân Quang', 31),
(417, 'Xã Tân Sơn', 31),
(418, 'Xã Thanh Hải', 31),
(419, 'Xã Trù Hựu', 31),
(420, 'Xã Xa Lý', 31),
(421, 'Thị trấn An Châu', 32),
(422, 'Thị Trấn Thanh Sơn', 32),
(423, 'Xã An Bá', 32),
(424, 'Xã An Châu', 32),
(425, 'Xã An Lạc', 32),
(426, 'Xã An Lập', 32),
(427, 'Xã Bồng Am', 32),
(428, 'Xã Cẩm Đàn', 32),
(429, 'Xã Đại Sơn', 32),
(430, 'Xã Dương Hưu', 32),
(431, 'Xã Giáo Liêm', 32),
(432, 'Xã Hữu Sản', 32),
(433, 'Xã Lệ Viễn', 32),
(434, 'Xã Long Sơn', 32),
(435, 'Xã Phúc Thắng', 32),
(436, 'Xã Quế Sơn', 32),
(437, 'Xã Thạch Sơn', 32),
(438, 'Xã Thanh Luận', 32),
(439, 'Xã Tuấn Đạo', 32),
(440, 'Xã Tuấn Mậu', 32),
(441, 'Xã Vân Sơn', 32),
(442, 'Xã Vĩnh An', 32),
(443, 'Xã Yên Định', 32),
(444, 'Thị trấn Cao Thượng', 33),
(445, 'Thị trấn Nhã Nam', 33),
(446, 'Xã An Dương', 33),
(447, 'Xã Cao Thượng', 33),
(448, 'Xã Cao Xá', 33),
(449, 'Xã Đại Hóa', 33),
(450, 'Xã Hợp Đức', 33),
(451, 'Xã Lam Cốt', 33),
(452, 'Xã Lan Giới', 33),
(453, 'Xã Liên Chung', 33),
(454, 'Xã Liên Sơn', 33),
(455, 'Xã Ngọc Châu', 33),
(456, 'Xã Ngọc Lý', 33),
(457, 'Xã Ngọc Thiện', 33),
(458, 'Xã Ngọc Vân', 33),
(459, 'Xã Nhã Nam', 33),
(460, 'Xã Phúc Hòa', 33),
(461, 'Xã Phúc Sơn', 33),
(462, 'Xã Quang Tiến', 33),
(463, 'Xã Quế Nham', 33),
(464, 'Xã Song Vân', 33),
(465, 'Xã Tân Trung', 33),
(466, 'Xã Việt Lập', 33),
(467, 'Xã Việt Ngọc', 33),
(468, 'Thị trấn Bích Động', 34),
(469, 'Thị trấn Nếnh', 34),
(470, 'Xã Bích Sơn', 34),
(471, 'Xã Hoàng Ninh', 34),
(472, 'Xã Hồng Thái', 34),
(473, 'Xã Hương Mai', 34),
(474, 'Xã Minh Đức', 34),
(475, 'Xã Nghĩa Trung', 34),
(476, 'Xã Ninh Sơn', 34),
(477, 'Xã Quang Châu', 34),
(478, 'Xã Quảng Minh', 34),
(479, 'Xã Tăng Tiến', 34),
(480, 'Xã Thượng Lan', 34),
(481, 'Xã Tiên Sơn', 34),
(482, 'Xã Trung Sơn', 34),
(483, 'Xã Tự Lạn', 34),
(484, 'Xã Vân Hà', 34),
(485, 'Xã Vân Trung', 34),
(486, 'Xã Việt Tiến', 34),
(487, 'Thị trấn Neo', 35),
(488, 'Thị trấn Nham Biền', 35),
(489, 'Thị Trấn Tân Dân', 35),
(490, 'Xã Cảnh Thụy', 35),
(491, 'Xã Đồng Phúc', 35),
(492, 'Xã Đồng Việt', 35),
(493, 'Xã Đức Giang', 35),
(494, 'Xã Hương Gián', 35),
(495, 'Xã Lãng Sơn', 35),
(496, 'Xã Lão Hộ', 35),
(497, 'Xã Nham Sơn', 35),
(498, 'Xã Nội Hoàng', 35),
(499, 'Xã Quỳnh Sơn', 35),
(500, 'Xã Tân An', 35),
(501, 'Xã Tân Liễu', 35),
(502, 'Xã Thắng Cương', 35),
(503, 'Xã Tiến Dũng', 35),
(504, 'Xã Tiền Phong', 35),
(505, 'Xã Trí Yên', 35),
(506, 'Xã Tư Mại', 35),
(507, 'Xã Xuân Phú', 35),
(508, 'Xã Yên Lư', 35),
(509, 'Đồng Tâm', 36),
(510, 'Thị trấn Bố Hạ', 36),
(511, 'Thị Trấn Phồn Xương', 36),
(512, 'Xã An Thượng', 36),
(513, 'Xã Bố Hạ', 36),
(514, 'Xã Canh Nậu', 36),
(515, 'Xã Đồng Hưu', 36),
(516, 'Xã Đồng Kỳ', 36),
(517, 'Xã Đồng Lạc', 36),
(518, 'Xã Đông Sơn', 36),
(519, 'Xã Đồng Tiến', 36),
(520, 'Xã Đồng Vương', 36),
(521, 'Xã Hồng Kỳ', 36),
(522, 'Xã Hương Vĩ', 36),
(523, 'Xã Tam Hiệp', 36),
(524, 'Xã Tam Tiến', 36),
(525, 'Xã Tân Hiệp', 36),
(526, 'Xã Tân Sỏi', 36),
(527, 'Xã Tiến Thắng', 36),
(528, 'Xã Xuân Lương', 36),
(529, 'Phường Hoàng Văn Thụ', 37),
(530, 'Phường Lê Lợi', 37),
(531, 'Phường Mỹ Độ', 37),
(532, 'Phường Ngô Quyền', 37),
(533, 'Phường Thọ Xương', 37),
(534, 'Phường Trần Nguyên Hãn', 37),
(535, 'Phường Trần Phú', 37),
(536, 'Xã Đa Mai', 37),
(537, 'Xã Dĩnh Kế', 37),
(538, 'Xã Dĩnh Trì', 37),
(539, 'Xã Đồng Sơn', 37),
(540, 'Xã Song Khê', 37),
(541, 'Xã Song Mai', 37),
(542, 'Xã Tân Mỹ', 37),
(543, 'Xã Tân Tiến', 37),
(544, 'Xã Xương Giang', 37),
(545, 'Thị trấn Chợ Rã', 38),
(546, 'Xã Bành Trạch', 38),
(547, 'Xã Cao Thượng', 38),
(548, 'Xã Cao Trĩ', 38),
(549, 'Xã Chu Hương', 38),
(550, 'Xã Địa Linh', 38),
(551, 'Xã Đồng Phúc', 38),
(552, 'Xã Hà Hiệu', 38),
(553, 'Xã Hoàng Trĩ', 38),
(554, 'Xã Khang Ninh', 38),
(555, 'Xã Mỹ Phương', 38),
(556, 'Xã Nam Mẫu', 38),
(557, 'Xã Phúc Lộc', 38),
(558, 'Xã Quảng Khê', 38),
(559, 'Xã Thượng Giáo', 38),
(560, 'Xã Yến Dương', 38),
(561, 'Thị trấn Phủ Thông', 39),
(562, 'Xã Cẩm Giàng', 39),
(563, 'Xã Cao Sơn', 39),
(564, 'Xã Đôn Phong', 39),
(565, 'Xã Dương Phong', 39),
(566, 'Xã Hà Vị', 39),
(567, 'Xã Lục Bình', 39),
(568, 'Xã Mỹ Thanh', 39),
(569, 'Xã Nguyên Phúc', 39),
(570, 'Xã Phương Linh', 39),
(571, 'Xã Quân Hà', 39),
(572, 'Xã Quang Thuận', 39),
(573, 'Xã Sĩ Bình', 39),
(574, 'Xã Tân Tiến', 39),
(575, 'Xã Vi Hương', 39),
(576, 'Xã Vũ Muộn', 39),
(577, 'Thị trấn Bằng Lũng', 40),
(578, 'Xã Bản Thi', 40),
(579, 'Xã Bằng Lãng', 40),
(580, 'Xã Bằng Phúc', 40),
(581, 'Xã Bình Trung', 40),
(582, 'Xã Đại Sảo', 40),
(583, 'Xã Đồng Lạc', 40),
(584, 'Xã Đồng Thắng', 40),
(585, 'Xã Đông Viên', 40),
(586, 'Xã Lương Bằng', 40),
(587, 'Xã Nam Cường', 40),
(588, 'Xã Nghĩa Tá', 40),
(589, 'Xã Ngọc Phái', 40),
(590, 'Xã Phong Huân', 40),
(591, 'Xã Phương Viên', 40),
(592, 'Xã Quảng Bạch', 40),
(593, 'Xã Rã Bản', 40),
(594, 'Xã Tân Lập', 40),
(595, 'Xã Xuân Lạc', 40),
(596, 'Xã Yên Mỹ', 40),
(597, 'Xã Yên Nhuận', 40),
(598, 'Xã Yên Phong', 40),
(599, 'Xã Yên Thịnh', 40),
(600, 'Xã Yên Thượng', 40),
(601, 'Thị trấn Chợ Mới', 41),
(602, 'Thị trấn Đồng Tâm', 41),
(603, 'Xã Bình Văn', 41),
(604, 'Xã Cao Kỳ', 41),
(605, 'Xã Hoà Mục', 41),
(606, 'Xã Mai Lạp', 41),
(607, 'Xã Như Cố', 41),
(608, 'Xã Nông Hạ', 41),
(609, 'Xã Nông Thịnh', 41),
(610, 'Xã Quảng Chu', 41),
(611, 'Xã Tân Sơn', 41),
(612, 'Xã Thanh Bình', 41),
(613, 'Xã Thanh Mai', 41),
(614, 'Xã Thanh Vận', 41),
(615, 'Xã Yên Cư', 41),
(616, 'Xã Yên Đĩnh', 41),
(617, 'Xã Yên Hân', 41),
(618, 'Thị trấn Yến Lạc', 42),
(619, 'Xã Côn Minh', 42),
(620, 'Xã Cư Lễ', 42),
(621, 'Xã Cường Lợi', 42),
(622, 'Xã Đổng Xá', 42),
(623, 'Xã Dương Sơn', 42),
(624, 'Xã Hữu Thác', 42),
(625, 'Xã Kim Hỷ', 42),
(626, 'Xã Kim Lư', 42),
(627, 'Xã Lam Sơn', 42),
(628, 'Xã Lạng San', 42),
(629, 'Xã Liêm Thuỷ', 42),
(630, 'Xã Lương Hạ', 42),
(631, 'Xã Lương Thành', 42),
(632, 'Xã Lương Thượng', 42),
(633, 'Xã Quang Phong', 42),
(634, 'Xã Trần Phú', 42),
(635, 'Xã Văn Học', 42),
(636, 'Xã Văn Lang', 42),
(637, 'Xã Văn Minh', 42),
(638, 'Xã Văn Vũ', 42),
(639, 'Xã Vũ Loan', 42),
(640, 'Xã Xuân Dương', 42),
(641, 'Thị trấn Nà Phặc', 43),
(642, 'Xã Bằng Vân', 43),
(643, 'Xã Cốc Đán', 43),
(644, 'Xã Đức Vân', 43),
(645, 'Xã Hiệp Lực', 43),
(646, 'Xã Lãng Ngâm', 43),
(647, 'Xã Thuần Mang', 43),
(648, 'Xã Thượng ân', 43),
(649, 'Xã Thượng Quan', 43),
(650, 'Xã Trung Hoà', 43),
(651, 'Xã Vân Tùng', 43),
(652, 'Xã An Thắng', 44),
(653, 'Xã Bằng Thành', 44),
(654, 'Xã Bộc Bố', 44),
(655, 'Xã Cao Tân', 44),
(656, 'Xã Cổ Linh', 44),
(657, 'Xã Công Bằng', 44),
(658, 'Xã Giáo Hiệu', 44),
(659, 'Xã Nghiên Loan', 44),
(660, 'Xã Nhạn Môn', 44),
(661, 'Xã Xuân La', 44),
(662, 'Phường Đức Xuân', 45),
(663, 'Phường Phùng Chí Kiên', 45),
(664, 'Phường Sông Cầu', 45),
(665, 'Phường. Nguyễn Thị Minh Khai', 45),
(666, 'Xã Dương Quang', 45),
(667, 'Xã Huyền Tụng', 45),
(668, 'Xã Nông Thượng', 45),
(669, 'Xã Xuất Hoá', 45),
(670, 'Thị trấn Gia Bình', 46),
(671, 'Xã Bình Dương', 46),
(672, 'Xã Cao Đức', 46),
(673, 'Xã Đại Bái', 46),
(674, 'Xã Đại Lai', 46),
(675, 'Xã Đông Cứu', 46),
(676, 'Xã Giang Sơn', 46),
(677, 'Xã Lãng Ngâm', 46),
(678, 'Xã Nhân Thắng', 46),
(679, 'Xã Quỳnh Phú', 46),
(680, 'Xã Song Giang', 46),
(681, 'Xã Thái Bảo', 46),
(682, 'Xã Vạn Ninh', 46),
(683, 'Xã Xuân Lai', 46),
(684, 'Thị trấn Thứa', 47),
(685, 'Xã An Thịnh', 47),
(686, 'Xã Bình Định', 47),
(687, 'Xã Lai Hạ', 47),
(688, 'Xã Lâm Thao', 47),
(689, 'Xã Minh Tân', 47),
(690, 'Xã Mỹ Hương', 47),
(691, 'Xã Phú Hòa', 47),
(692, 'Xã Phú Lương', 47),
(693, 'Xã Quảng Phú', 47),
(694, 'Xã Tân Lãng', 47),
(695, 'Xã Trung Chính', 47),
(696, 'Xã Trung Kênh', 47),
(697, 'Xã Trừng Xá', 47),
(698, 'Thị trấn Phố Mới', 48),
(699, 'Xã Bằng An', 48),
(700, 'Xã Bồng Lai', 48),
(701, 'Xã Cách Bi', 48),
(702, 'Xã Châu Phong', 48),
(703, 'Xã Chi Lăng', 48),
(704, 'Xã Đại Xuân', 48),
(705, 'Xã Đào Viên', 48),
(706, 'Xã Đức Long', 48),
(707, 'Xã Hán Quảng', 48),
(708, 'Xã Mộ Đạo', 48),
(709, 'Xã Ngọc Xá', 48),
(710, 'Xã Nhân Hòa', 48),
(711, 'Xã Phù Lãng', 48),
(712, 'Xã Phù Lương', 48),
(713, 'Xã Phương Liễu', 48),
(714, 'Xã Phượng Mao', 48),
(715, 'Xã Quế Tân', 48),
(716, 'Xã Việt Hùng', 48),
(717, 'Xã Việt Thống', 48),
(718, 'Thị trấn Hồ', 49),
(719, 'Xã An Bình', 49),
(720, 'Xã Đại Đồng Thành', 49),
(721, 'Xã Đình Tổ', 49),
(722, 'Xã Gia Đông', 49),
(723, 'Xã Hà Mãn', 49),
(724, 'Xã Hoài Thượng', 49),
(725, 'Xã Mão Điền', 49),
(726, 'Xã Nghĩa Đạo', 49),
(727, 'Xã Ngũ Thái', 49),
(728, 'Xã Nguyệt Đức', 49),
(729, 'Xã Ninh Xá', 49),
(730, 'Xã Song Hồ', 49),
(731, 'Xã Song Liễu', 49),
(732, 'Xã Thanh Khương', 49),
(733, 'Xã Trạm Lộ', 49),
(734, 'Xã Trí Quả', 49),
(735, 'Xã Xuân Lâm', 49),
(736, 'Thị trấn Lim', 50),
(737, 'Xã Cảnh Hưng', 50),
(738, 'Xã Đại Đồng', 50),
(739, 'Xã Hiên Vân', 50),
(740, 'Xã Hoàn Sơn', 50),
(741, 'Xã Lạc Vệ', 50),
(742, 'Xã Liên Bão', 50),
(743, 'Xã Minh Đạo', 50),
(744, 'Xã Nội Duệ', 50),
(745, 'Xã Phật Tích', 50),
(746, 'Xã Phú Lâm', 50),
(747, 'Xã Tân Chi', 50),
(748, 'Xã Tri Phương', 50),
(749, 'Xã Việt Đoàn', 50),
(750, 'Thị trấn Chờ', 51),
(751, 'Xã Đông Phong', 51),
(752, 'Xã Đông Thọ', 51),
(753, 'Xã Đông Tiến', 51),
(754, 'Xã Dũng Liệt', 51),
(755, 'Xã Hòa Tiến', 51),
(756, 'Xã Long Châu', 51),
(757, 'Xã Tam Đa', 51),
(758, 'Xã Tam Giang', 51),
(759, 'Xã Thụy Hòa', 51),
(760, 'Xã Trung Nghĩa', 51),
(761, 'Xã Văn Môn', 51),
(762, 'Xã Yên Phụ', 51),
(763, 'Xã Yên Trung', 51),
(764, 'Phường Đại Phúc', 52),
(765, 'Phường Đáp Cầu', 52),
(766, 'Phường Kim Chân', 52),
(767, 'Phường Kinh Bắc', 52),
(768, 'Phường Ninh Xá', 52),
(769, 'Phường Phong Khê', 52),
(770, 'Phường Suối Hoa', 52),
(771, 'Phường Thị Cầu', 52),
(772, 'Phường Tiền An', 52),
(773, 'Phường Vệ An', 52),
(774, 'Phường Võ Cường', 52),
(775, 'Phường Vũ Ninh', 52),
(776, 'Xã Hạp Lĩnh', 52),
(777, 'Xã Hòa Long', 52),
(778, 'Xã Khắc Niệm', 52),
(779, 'Xã Khúc Xuyên', 52),
(780, 'Xã Nam Sơn', 52),
(781, 'Xã Vạn An', 52),
(782, 'Xã Vân Dương', 52),
(783, 'Phường Châu Khê', 53),
(784, 'Phường Đình Bảng', 53),
(785, 'Phường Đồng Kỵ', 53),
(786, 'Phường Đông Ngàn', 53),
(787, 'Phường Đồng Nguyên', 53),
(788, 'Phường Tân Hồng', 53),
(789, 'Phường Trang Hạ', 53),
(790, 'Xã Hương Mạc', 53),
(791, 'Xã Phù Chẩn', 53),
(792, 'Xã Phù Khê', 53),
(793, 'Xã Tam Sơn', 53),
(794, 'Xã Tương Giang', 53),
(795, 'Thị trấn Ba Tri', 54),
(796, 'Xã An Bình Tây', 54),
(797, 'Xã An Đức', 54),
(798, 'Xã An Hiệp', 54),
(799, 'Xã An Hòa Tây', 54),
(800, 'Xã An Ngãi Tây', 54),
(801, 'Xã An Ngãi Trung', 54),
(802, 'Xã An Phú Trung', 54),
(803, 'Xã An Thủy', 54),
(804, 'Xã Bảo Thạnh', 54),
(805, 'Xã Bảo Thuận', 54),
(806, 'Xã Mỹ Chánh', 54),
(807, 'Xã Mỹ Hòa', 54),
(808, 'Xã Mỹ Nhơn', 54),
(809, 'Xã Mỹ Thạnh', 54),
(810, 'Xã Phú Lễ', 54),
(811, 'Xã Phú Ngãi', 54),
(812, 'Xã Phước Ngãi', 54),
(813, 'Xã Phước Tuy', 54),
(814, 'Xã Tân Hưng', 54),
(815, 'Xã Tân Mỹ', 54),
(816, 'Xã Tân Thủy', 54),
(817, 'Xã Tân Xuân', 54),
(818, 'Xã Vĩnh An', 54),
(819, 'Xã Vĩnh Hòa', 54),
(820, 'Thị trấn Bình Đại', 55),
(821, 'Xã Bình Thắng', 55),
(822, 'Xã Bình Thới', 55),
(823, 'Xã Châu Hưng', 55),
(824, 'Xã Đại Hòa Lộc', 55),
(825, 'Xã Định Trung', 55),
(826, 'Xã Lộc Thuận', 55),
(827, 'Xã Long Định', 55),
(828, 'Xã Long Hòa', 55),
(829, 'Xã Phú Long', 55),
(830, 'Xã Phú Thuận', 55),
(831, 'Xã Phú Vang', 55),
(832, 'Xã Tam Hiệp', 55),
(833, 'Xã Thạnh Phước', 55),
(834, 'Xã Thạnh Trị', 55),
(835, 'Xã Thới Lai', 55),
(836, 'Xã Thới Thuận', 55),
(837, 'Xã Thừa Đức', 55),
(838, 'Xã Vang Quới Đông', 55),
(839, 'Xã Vang Quới Tây', 55),
(840, 'Thị trấn Châu Thành', 56),
(841, 'Xã An Hiệp', 56),
(842, 'Xã An Hóa', 56),
(843, 'Xã An Khánh', 56),
(844, 'Xã An Phước', 56),
(845, 'Xã Giao Hòa', 56),
(846, 'Xã Giao Long', 56),
(847, 'Xã Hữu Định', 56),
(848, 'Xã Phú An Hòa', 56),
(849, 'Xã Phú Đức', 56),
(850, 'Xã Phú Túc', 56),
(851, 'Xã Phước Thạnh', 56),
(852, 'Xã Qưới Sơn', 56),
(853, 'Xã Quới Thành', 56),
(854, 'Xã Sơn Hòa', 56),
(855, 'Xã Tam Phước', 56),
(856, 'Xã Tân Phú', 56),
(857, 'Xã Tân Thạch', 56),
(858, 'Xã Thành Triệu', 56),
(859, 'Xã Tiên Long', 56),
(860, 'Xã Tiên Thủy', 56),
(861, 'Xã Tường Đa', 56),
(862, 'Thị trấn Chợ Lách', 57),
(863, 'Xã Hòa Nghĩa', 57),
(864, 'Xã Hưng Khánh Trung B', 57),
(865, 'Xã Long Thới', 57),
(866, 'Xã Phú Phụng', 57),
(867, 'Xã Phú Sơn', 57),
(868, 'Xã Sơn Định', 57),
(869, 'Xã Tân Thiềng', 57),
(870, 'Xã Vĩnh Bình', 57),
(871, 'Xã Vĩnh Hòa', 57),
(872, 'Xã Vĩnh Thành', 57),
(873, 'Thị trấn Giồng Trôm', 58),
(874, 'Xã Bình Hoà', 58),
(875, 'Xã Bình Thành', 58),
(876, 'Xã Châu Bình', 58),
(877, 'Xã Châu Hòa', 58),
(878, 'Xã Hưng Lễ', 58),
(879, 'Xã Hưng Nhượng', 58),
(880, 'Xã Hưng Phong', 58),
(881, 'Xã Long Mỹ', 58),
(882, 'Xã Lương Hòa', 58),
(883, 'Xã Lương Phú', 58),
(884, 'Xã Lương Quới', 58),
(885, 'Xã Mỹ Thạnh', 58),
(886, 'Xã Phong Mỹ', 58),
(887, 'Xã Phong Nẫm', 58),
(888, 'Xã Phước Long', 58),
(889, 'Xã Sơn Phú', 58),
(890, 'Xã Tân Hào', 58),
(891, 'Xã Tân Lợi Thạnh', 58),
(892, 'Xã Tân Thanh', 58),
(893, 'Xã Thạnh Phú Đông', 58),
(894, 'Xã Thuận Điền', 58),
(895, 'Xã Hòa Lộc', 59),
(896, 'Xã Hưng Khánh Trung A', 59),
(897, 'Xã Khánh Thạnh Tân', 59),
(898, 'Xã Nhuận Phú Tân', 59),
(899, 'Xã Phú Mỹ', 59),
(900, 'Xã Phước Mỹ Trung', 59),
(901, 'Xã Tân Bình', 59),
(902, 'Xã Tân Phú Tây', 59),
(903, 'Xã Tân Thành Bình', 59),
(904, 'Xã Tân Thanh Tây', 59),
(905, 'Xã Thành An', 59),
(906, 'Xã Thạnh Ngãi', 59),
(907, 'Xã Thanh Tân', 59),
(908, 'Thành Thới A', 60),
(909, 'Thị trấn Mỏ Cày', 60),
(910, 'Xã An Định', 60),
(911, 'Xã An Thạnh', 60),
(912, 'Xã An Thới', 60),
(913, 'Xã Bình Khánh', 60),
(914, 'Xã Cẩm Sơn', 60),
(915, 'Xã Đa Phước Hội', 60),
(916, 'Xã Định Thủy', 60),
(917, 'Xã Hương Mỹ', 60),
(918, 'Xã Minh Đức', 60),
(919, 'Xã Ngãi Đăng', 60),
(920, 'Xã Phước Hiệp', 60),
(921, 'Xã Tân Hội', 60),
(922, 'Xã Tân Trung', 60),
(923, 'Xã Thành Thới A', 60),
(924, 'Xã Thành Thới B', 60),
(925, 'Thị trấn Thạnh Phú', 61),
(926, 'Xã An Điền', 61),
(927, 'Xã An Nhơn', 61),
(928, 'Xã An Quy', 61),
(929, 'Xã An Thạnh', 61),
(930, 'Xã An Thuận', 61),
(931, 'Xã Bình Thạnh', 61),
(932, 'Xã Đại Điền', 61),
(933, 'Xã Giao Thạnh', 61),
(934, 'Xã Hòa Lợi', 61),
(935, 'Xã Mỹ An', 61),
(936, 'Xã Mỹ Hưng', 61),
(937, 'Xã Phú Khánh', 61),
(938, 'Xã Quới Điền', 61),
(939, 'Xã Tân Phong', 61),
(940, 'Xã Thạnh Hải', 61),
(941, 'Xã Thạnh Phong', 61),
(942, 'Xã Thới Thạnh', 61),
(943, 'Phường 1', 62),
(944, 'Phường 2', 62),
(945, 'Phường 3', 62),
(946, 'Phường 4', 62),
(947, 'Phường 5', 62),
(948, 'Phường 6', 62),
(949, 'Phường 7', 62),
(950, 'Phường 8', 62),
(951, 'Phường An Hội', 62),
(952, 'Phường Phú Khương', 62),
(953, 'Phường Phú Tân', 62),
(954, 'Xã Bình Phú', 62),
(955, 'Xã Mỹ Thạnh An', 62),
(956, 'Xã Nhơn Thạnh', 62),
(957, 'Xã Phú Hưng', 62),
(958, 'Xã Phú Nhuận', 62),
(959, 'Thị Trấn Tân Thành', 63),
(960, 'Xã Bình Mỹ', 63),
(961, 'Xã Đất Cuốc', 63),
(962, 'Xã Hiếu Liêm', 63),
(963, 'Xã Lạc An', 63),
(964, 'Xã Tân Bình', 63),
(965, 'Xã Tân Định', 63),
(966, 'Xã Tân Lập', 63),
(967, 'Xã Tân Mỹ', 63),
(968, 'Xã Thường Tân', 63),
(969, 'Thị Trấn Lai Uyên', 64),
(970, 'Xã Cây Trường II', 64),
(971, 'Xã Hưng Hòa', 64),
(972, 'Xã Lai Hưng', 64),
(973, 'Xã Long Nguyên', 64),
(974, 'Xã Tân Hưng', 64),
(975, 'Xã Trừ Văn Thố', 64),
(976, 'Thị trấn Dầu Tiếng', 65),
(977, 'Xã An Lập', 65),
(978, 'Xã Định An', 65),
(979, 'Xã Định Hiệp', 65),
(980, 'Xã Định Thành', 65),
(981, 'Xã Long Hoà', 65),
(982, 'Xã Long Tân', 65),
(983, 'Xã Minh Hoà', 65),
(984, 'Xã Minh Tân', 65),
(985, 'Xã Minh Thạnh', 65),
(986, 'Xã Thanh An', 65),
(987, 'Xã Thanh Tuyền', 65),
(988, 'Thị trấn Phước Vĩnh', 66),
(989, 'Xã An Bình', 66),
(990, 'Xã An Linh', 66),
(991, 'Xã An Long', 66),
(992, 'Xã An Thái', 66),
(993, 'Xã Phước Hoà', 66),
(994, 'Xã Phước Sang', 66),
(995, 'Xã Tam Lập', 66),
(996, 'Xã Tân Hiệp', 66),
(997, 'Xã Tân Long', 66),
(998, 'Xã Vĩnh Hoà', 66),
(999, 'Phường An Bình', 67),
(1000, 'Phường Bình An', 67),
(1001, 'Phường Bình Thắng', 67),
(1002, 'Phường Dĩ An', 67),
(1003, 'Phường Đông Hòa', 67),
(1004, 'Phường Tân Bình', 67),
(1005, 'Phường Tân Đông Hiệp', 67),
(1006, 'Phường Chánh Nghĩa', 68),
(1007, 'Phường Định Hòa', 68),
(1008, 'Phường Hiệp An', 68),
(1009, 'Phường Hiệp Thành', 68),
(1010, 'Phường Phú Cường', 68),
(1011, 'Phường Phú Hòa', 68),
(1012, 'Phường Phú Lợi', 68),
(1013, 'Phường Phú Mỹ', 68),
(1014, 'Phường Phú Tân', 68),
(1015, 'Phường Phú Thọ', 68),
(1016, 'Phường Tân An', 68),
(1017, 'Hòa Phú', 68),
(1018, 'Xã Chánh Mỹ', 68),
(1019, 'Xã Tương Bình Hiệp', 68),
(1020, 'Phường An Phú', 69),
(1021, 'Phường An Thạnh', 69),
(1022, 'Phường Bình Chuẩn', 69),
(1023, 'Phường Bình Hòa', 69),
(1024, 'Phường Bình Nhâm', 69),
(1025, 'Phường Hưng Định', 69),
(1026, 'Phường Lái Thiêu', 69),
(1027, 'Phường Thuận Giao', 69),
(1028, 'Phường Vĩnh Phú', 69),
(1029, 'Xã An Sơn', 69),
(1030, 'Phường Chánh Phú Hòa', 70),
(1031, 'Phường Hòa Lợi', 70),
(1032, 'Phường Mỹ Phước', 70),
(1033, 'Phường Tân Định', 70),
(1034, 'Phường Thới Hòa', 70),
(1035, 'Xã An Điền', 70),
(1036, 'Xã An Tây', 70),
(1037, 'Xã Phú An', 70),
(1038, 'Phường Khánh Bình', 71),
(1039, 'Phường Tân Vĩnh Hiệp', 71),
(1040, 'Phường Thái Hòa', 71),
(1041, 'Phường Uyên Hưng', 71),
(1042, 'Thị Trấn Tân Phước Khánh', 71),
(1043, 'Xã Bạch Đằng', 71),
(1044, 'Xã Hội Nghĩa', 71),
(1045, 'Xã Phú Chánh', 71),
(1046, 'Xã Tân Hiệp', 71),
(1047, 'Xã Thạnh Hội', 71),
(1048, 'Xã Thạnh Phước', 71),
(1049, 'Xã Vĩnh Tân', 71),
(1050, 'Thị trấn An Lão', 72),
(1051, 'Xã An Dũng', 72),
(1052, 'Xã An Hòa', 72),
(1053, 'Xã An Hưng', 72),
(1054, 'Xã An Nghĩa', 72),
(1055, 'Xã An Quang', 72),
(1056, 'Xã An Tân', 72),
(1057, 'Xã An Toàn', 72),
(1058, 'Xã An Trung', 72),
(1059, 'Xã An Vinh', 72),
(1060, 'Thị trấn Tăng Bạt Hổ', 73),
(1061, 'Xã Ân Đức', 73),
(1062, 'Xã Ân Hảo Đông', 73),
(1063, 'Xã Ân Hảo Tây', 73),
(1064, 'Xã Ân Hữu', 73),
(1065, 'Xã Ân Mỹ', 73),
(1066, 'Xã Ân Nghĩa', 73),
(1067, 'Xã Ân Phong', 73),
(1068, 'Xã Ân Sơn', 73),
(1069, 'Xã Ân Thạnh', 73),
(1070, 'Xã Ân Tín', 73),
(1071, 'Xã Ân Tường Đông', 73),
(1072, 'Xã Ân Tường Tây', 73),
(1073, 'Xã Bok Tới', 73),
(1074, 'Xã Dak Mang', 73),
(1075, 'Thị trấn Ngô Mây', 74),
(1076, 'Xã Cát Chánh', 74),
(1077, 'Xã Cát Hải', 74),
(1078, 'Xã Cát Hanh', 74),
(1079, 'Xã Cát Hiệp', 74),
(1080, 'Xã Cát Hưng', 74),
(1081, 'Xã Cát Khánh', 74),
(1082, 'Xã Cát Lâm', 74),
(1083, 'Xã Cát Minh', 74),
(1084, 'Xã Cát Nhơn', 74),
(1085, 'Xã Cát Sơn', 74),
(1086, 'Xã Cát Tài', 74),
(1087, 'Xã Cát Tân', 74),
(1088, 'Xã Cát Thắng', 74),
(1089, 'Xã Cát Thành', 74),
(1090, 'Xã Cát Tiến', 74),
(1091, 'Xã Cát Trinh', 74),
(1092, 'Xã Cát Tường', 74),
(1093, 'Thị trấn Bình Dương', 75),
(1094, 'Thị trấn Phù Mỹ', 75),
(1095, 'Xã Mỹ An', 75),
(1096, 'Xã Mỹ Cát', 75),
(1097, 'Xã Mỹ Chánh', 75),
(1098, 'Xã Mỹ Chánh Tây', 75),
(1099, 'Xã Mỹ Châu', 75),
(1100, 'Xã Mỹ Đức', 75),
(1101, 'Xã Mỹ Hiệp', 75),
(1102, 'Xã Mỹ Hòa', 75),
(1103, 'Xã Mỹ Lộc', 75),
(1104, 'Xã Mỹ Lợi', 75),
(1105, 'Xã Mỹ Phong', 75),
(1106, 'Xã Mỹ Quang', 75),
(1107, 'Xã Mỹ Tài', 75),
(1108, 'Xã Mỹ Thắng', 75),
(1109, 'Xã Mỹ Thành', 75),
(1110, 'Xã Mỹ Thọ', 75),
(1111, 'Xã Mỹ Trinh', 75),
(1112, 'Thị trấn Phú Phong', 76),
(1113, 'Xã Bình Hòa', 76),
(1114, 'Xã Bình Nghi', 76),
(1115, 'Xã Bình Tân', 76),
(1116, 'Xã Bình Thành', 76),
(1117, 'Xã Bình Thuận', 76),
(1118, 'Xã Bình Tường', 76),
(1119, 'Xã Tây An', 76),
(1120, 'Xã Tây Bình', 76),
(1121, 'Xã Tây Giang', 76),
(1122, 'Xã Tây Phú', 76),
(1123, 'Xã Tây Thuận', 76),
(1124, 'Xã Tây Vinh', 76),
(1125, 'Xã Tây Xuân', 76),
(1126, 'Xã Vĩnh An', 76),
(1127, 'Thị trấn Diêu Trì', 77),
(1128, 'Thị trấn Tuy Phước', 77),
(1129, 'Xã Phước An', 77),
(1130, 'Xã Phước Hiệp', 77),
(1131, 'Xã Phước Hòa', 77),
(1132, 'Xã Phước Hưng', 77),
(1133, 'Xã Phước Lộc', 77),
(1134, 'Xã Phước Nghĩa', 77),
(1135, 'Xã Phước Quang', 77),
(1136, 'Xã Phước Sơn', 77),
(1137, 'Xã Phước Thắng', 77),
(1138, 'Xã Phước Thành', 77),
(1139, 'Xã Phước Thuận', 77),
(1140, 'Thị trấn Vân Canh', 78),
(1141, 'Xã Canh Hiển', 78),
(1142, 'Xã Canh Hiệp', 78),
(1143, 'Xã Canh Hòa', 78),
(1144, 'Xã Canh Liên', 78),
(1145, 'Xã Canh Thuận', 78),
(1146, 'Xã Canh Vinh', 78),
(1147, 'Thị trấn Vĩnh Thạnh', 79),
(1148, 'Xã Vĩnh Hảo', 79),
(1149, 'Xã Vĩnh Hiệp', 79),
(1150, 'Xã Vĩnh Hòa', 79),
(1151, 'Xã Vĩnh Kim', 79),
(1152, 'Xã Vĩnh Quang', 79),
(1153, 'Xã Vĩnh Sơn', 79),
(1154, 'Xã Vĩnh Thịnh', 79),
(1155, 'Xã Vĩnh Thuận', 79),
(1156, 'Phường Bùi Thị Xuân', 80),
(1157, 'Phường Đống Đa', 80),
(1158, 'Phường Ghềnh Ráng', 80),
(1159, 'Phường Hải Cảng', 80),
(1160, 'Phường Lê Hồng Phong', 80),
(1161, 'Phường Lê Lợi', 80),
(1162, 'Phường Lý Thường Kiệt', 80),
(1163, 'Phường Ngô Mây', 80),
(1164, 'Phường Nguyễn Văn Cừ', 80),
(1165, 'Phường Nhơn Bình', 80),
(1166, 'Phường Nhơn Phú', 80),
(1167, 'Phường Quang Trung', 80),
(1168, 'Phường Thị Nại', 80),
(1169, 'Phường Trần Hưng Đạo', 80),
(1170, 'Phường Trần Phú', 80),
(1171, 'Phường Trần Quang Diệu', 80),
(1172, 'Xã Nhơn Châu', 80),
(1173, 'Xã Nhơn Hải', 80),
(1174, 'Xã Nhơn Hội', 80),
(1175, 'Xã Nhơn Lý', 80),
(1176, 'Xã Phước Mỹ', 80),
(1177, 'Phường Bình Định', 81),
(1178, 'Phường Đập Đá', 81),
(1179, 'Phường Nhơn Hòa', 81),
(1180, 'Phường Nhơn Hưng', 81),
(1181, 'Phường Nhơn Thành', 81),
(1182, 'Xã Nhơn An', 81),
(1183, 'Xã Nhơn Hạnh', 81),
(1184, 'Xã Nhơn Hậu', 81),
(1185, 'Xã Nhơn Khánh', 81),
(1186, 'Xã Nhơn Lộc', 81),
(1187, 'Xã Nhơn Mỹ', 81),
(1188, 'Xã Nhơn Phong', 81),
(1189, 'Xã Nhơn Phúc', 81),
(1190, 'Xã Nhơn Tân', 81),
(1191, 'Xã Nhơn Thọ', 81),
(1192, 'Phường Bồng Sơn', 82),
(1193, 'Phường Hoài Đức', 82),
(1194, 'Phường Hoài Hảo', 82),
(1195, 'Phường Hoài Hương', 82),
(1196, 'Phường Hoài Tân', 82),
(1197, 'Phường Hoài Thanh', 82),
(1198, 'Phường Hoài Thanh Tây', 82),
(1199, 'Phường Hoài Xuân', 82),
(1200, 'Phường Tam Quan', 82),
(1201, 'Phường Tam Quan Bắc', 82),
(1202, 'Phường Tam Quan Nam', 82),
(1203, 'Xã Hoài Châu', 82),
(1204, 'Xã Hoài Châu Bắc', 82),
(1205, 'Xã Hoài Hải', 82),
(1206, 'Xã Hoài Mỹ', 82),
(1207, 'Xã Hoài Phú', 82),
(1208, 'Xã Hoài Sơn', 82),
(1209, 'Thị trấn Đức Phong', 83),
(1210, 'Xã Bình Minh', 83),
(1211, 'Xã Bom Bo', 83),
(1212, 'Xã Đắk Nhau', 83),
(1213, 'Xã Đăng Hà', 83),
(1214, 'Xã Đoàn Kết', 83),
(1215, 'Xã Đồng Nai', 83),
(1216, 'Xã Đức Liễu', 83),
(1217, 'Xã Đường 10', 83),
(1218, 'Xã Minh Hưng', 83),
(1219, 'Xã Nghĩa Bình', 83),
(1220, 'Xã Nghĩa Trung', 83),
(1221, 'Xã Phú Sơn', 83),
(1222, 'Xã Phước Sơn', 83),
(1223, 'Xã Thọ Sơn', 83),
(1224, 'Xã Thống Nhất', 83),
(1225, 'Thị Trấn Thanh Bình', 84),
(1226, 'Xã Hưng Phước', 84),
(1227, 'Xã Phước Thiện', 84),
(1228, 'Xã Tân Thành', 84),
(1229, 'Xã Tân Tiến', 84),
(1230, 'Xã Thanh Hòa', 84),
(1231, 'Xã Thiện Hưng', 84),
(1232, 'Xã Bình Thắng', 85),
(1233, 'Xã Bù Gia Mập', 85),
(1234, 'Xã Đa Kia', 85),
(1235, 'Xã Đak Ơ', 85),
(1236, 'Xã Đức Hạnh', 85),
(1237, 'Xã Phú Nghĩa', 85),
(1238, 'Xã Phú Văn', 85),
(1239, 'Xã Phước Minh', 85),
(1240, 'Thị trấn Chơn Thành', 86),
(1241, 'Xã Minh Hưng', 86),
(1242, 'Xã Minh Lập', 86),
(1243, 'Xã Minh Long', 86),
(1244, 'Xã Minh Thắng', 86),
(1245, 'Xã Minh Thành', 86),
(1246, 'Xã Nha Bích', 86),
(1247, 'Xã Quang Minh', 86),
(1248, 'Xã Tân Quan', 86),
(1249, 'Xã Thành Tâm', 86),
(1250, 'Thị trấn Tân Phú', 87),
(1251, 'Xã Đồng Tâm', 87),
(1252, 'Xã Đồng Tiến', 87),
(1253, 'Xã Tân Hoà', 87),
(1254, 'Xã Tân Hưng', 87),
(1255, 'Xã Tân Lập', 87),
(1256, 'Xã Tân lợi', 87),
(1257, 'Xã Tân Phước', 87),
(1258, 'Xã Tân Tiến', 87),
(1259, 'Xã Thuận Lợi', 87),
(1260, 'Xã Thuận Phú', 87),
(1261, 'Thị Trấn Tân Khai', 88),
(1262, 'Xã An Khương', 88),
(1263, 'Xã An Phú', 88),
(1264, 'Xã Đồng Nơ', 88),
(1265, 'Xã Minh Đức', 88),
(1266, 'Xã Minh Tâm', 88),
(1267, 'Xã Phước An', 88),
(1268, 'Xã Tân Hiệp', 88),
(1269, 'Xã Tân Hưng', 88),
(1270, 'Xã Tân Lợi', 88),
(1271, 'Xã Tân Quan', 88),
(1272, 'Xã Thanh An', 88),
(1273, 'Xã Thanh Bình', 88),
(1274, 'Thị trấn Lộc Ninh', 89),
(1275, 'Xã Lộc An', 89),
(1276, 'Xã Lộc Điền', 89),
(1277, 'Xã Lộc Hiệp', 89),
(1278, 'Xã Lộc Hòa', 89),
(1279, 'Xã Lộc Hưng', 89),
(1280, 'Xã Lộc Khánh', 89),
(1281, 'Xã Lộc Phú', 89),
(1282, 'Xã Lộc Quang', 89),
(1283, 'Xã Lộc Tấn', 89),
(1284, 'Xã Lộc Thái', 89),
(1285, 'Xã Lộc Thành', 89),
(1286, 'Xã Lộc Thạnh', 89),
(1287, 'Xã Lộc Thiện', 89),
(1288, 'Xã Lộc Thịnh', 89),
(1289, 'Xã Lộc Thuận', 89),
(1290, 'Long Hưng', 90),
(1291, 'Xã Bình Sơn', 90),
(1292, 'Xã Bình Tân', 90),
(1293, 'Xã Bù Nho', 90),
(1294, 'Xã Long Bình', 90),
(1295, 'Xã Long Hà', 90),
(1296, 'Xã Long Hưng', 90),
(1297, 'Xã Long Tân', 90),
(1298, 'Xã Phú Riềng', 90),
(1299, 'Xã Phú Trung', 90),
(1300, 'Xã Phước Tân', 90),
(1301, 'Phường Tân Bình', 91),
(1302, 'Phường Tân Đồng', 91),
(1303, 'Phường Tân Phú', 91),
(1304, 'Phường Tân Thiện', 91),
(1305, 'Phường Tân Xuân', 91),
(1306, 'Xã Tân Thành', 91),
(1307, 'Xã Tiến Hưng', 91),
(1308, 'Xã Tiến Thành', 91),
(1309, 'Phường An Lộc', 92),
(1310, 'Hưng Chiến', 92),
(1311, 'Phú Đức', 92),
(1312, 'Phú Thịnh', 92),
(1313, 'Xã An Phú', 92),
(1314, 'Xã Thanh Bình', 92),
(1315, 'Xã Thanh Lương', 92),
(1316, 'Xã Thanh Phú', 92),
(1317, 'Phường Long Phước', 93),
(1318, 'Phường Long Thủy', 93),
(1319, 'Phường Phước Bình', 93),
(1320, 'Phường Sơn Giang', 93),
(1321, 'Phường Thác Mơ', 93),
(1322, 'Xã Long Giang', 93),
(1323, 'Xã Phước Tín', 93),
(1324, 'Thị trấn Chợ Lầu', 94),
(1325, 'Xã Bình An', 94),
(1326, 'Xã Bình Tân', 94),
(1327, 'Xã Hải Ninh', 94),
(1328, 'Xã Hòa Thắng', 94),
(1329, 'Xã Hồng Phong', 94),
(1330, 'Xã Hồng Thái', 94),
(1331, 'Xã Lương Sơn', 94),
(1332, 'Xã Phan Điền', 94),
(1333, 'Xã Phan Hiệp', 94),
(1334, 'Xã Phan Hòa', 94),
(1335, 'Xã Phan Lâm', 94),
(1336, 'Xã Phan Rí Thành', 94),
(1337, 'Xã Phan Sơn', 94),
(1338, 'Xã Phan Thanh', 94),
(1339, 'Xã Phan Tiến', 94),
(1340, 'Xã Sông Bình', 94),
(1341, 'Xã Sông Lũy', 94),
(1342, 'Thị trấn Đức Tài', 95),
(1343, 'Thị trấn Võ Xu', 95),
(1344, 'Xã Đa Kai', 95),
(1345, 'Xã Đông Hà', 95),
(1346, 'Xã Đức Chính', 95),
(1347, 'Xã Đức Hạnh', 95),
(1348, 'Xã Đức Tín', 95),
(1349, 'Xã Mê Pu', 95),
(1350, 'Xã Nam Chính', 95),
(1351, 'Xã Sùng Nhơn', 95),
(1352, 'Xã Tân Hà', 95),
(1353, 'Xã Trà Tân', 95),
(1354, 'Xã Vũ Hoà', 95),
(1355, 'Thắng Hải', 96),
(1356, 'Thị trấn Tân Minh', 96),
(1357, 'Thị trấn Tân Nghĩa', 96),
(1358, 'Xã Sơn Mỹ', 96),
(1359, 'Xã Sông Phan', 96),
(1360, 'Xã Tân Đức', 96),
(1361, 'Xã Tân Hà', 96),
(1362, 'Xã Tân Phúc', 96),
(1363, 'Xã Tân Thắng', 96),
(1364, 'Xã Tân Xuân', 96),
(1365, 'Xã Thắng Hải', 96),
(1366, 'Thị trấn Ma Lâm', 97),
(1367, 'Thị trấn Phú Long', 97),
(1368, 'Xã Đa Mi', 97),
(1369, 'Xã Đông Giang', 97),
(1370, 'Xã Đông Tiến', 97),
(1371, 'Xã Hàm Chính', 97),
(1372, 'Xã Hàm Đức', 97),
(1373, 'Xã Hàm Hiệp', 97),
(1374, 'Xã Hàm Liêm', 97),
(1375, 'Xã Hàm Phú', 97),
(1376, 'Xã Hàm Thắng', 97),
(1377, 'Xã Hàm Trí', 97),
(1378, 'Xã Hồng Liêm', 97),
(1379, 'Xã Hồng Sơn', 97),
(1380, 'Xã La Dạ', 97),
(1381, 'Xã Thuận Hòa', 97),
(1382, 'Xã Thuận Minh', 97),
(1383, 'Thị trấn Thuận Nam', 98),
(1384, 'Xã Cà Ná', 98),
(1385, 'Xã Hàm Cần', 98),
(1386, 'Xã Hàm Cường', 98),
(1387, 'Xã Hàm Kiệm', 98),
(1388, 'Xã Hàm Minh', 98),
(1389, 'Xã Hàm Mỹ', 98),
(1390, 'Xã Hàm Thạnh', 98),
(1391, 'Xã Mương Mán', 98),
(1392, 'Xã Mỹ Thạnh', 98),
(1393, 'Xã Nhị Hà', 98),
(1394, 'Xã Phước Diêm', 98),
(1395, 'Xã Phước Dinh', 98),
(1396, 'Xã Phước Hà', 98),
(1397, 'Xã Phước Minh', 98),
(1398, 'Xã Phước Nam', 98),
(1399, 'Xã Phước Ninh', 98),
(1400, 'Xã Tân Lập', 98),
(1401, 'Xã Tân Thành', 98),
(1402, 'Xã Tân Thuận', 98),
(1403, 'Xã Thuận Quí', 98),
(1404, 'Xã Long Hải', 99),
(1405, 'Xã Ngũ Phụng', 99),
(1406, 'Xã Tam Thanh', 99),
(1407, 'Thị trấn Lạc Tánh', 100),
(1408, 'Xã Bắc Ruộng', 100),
(1409, 'Xã Đồng Kho', 100),
(1410, 'Xã Đức Bình', 100),
(1411, 'Xã Đức Phú', 100),
(1412, 'Xã Đức Tân', 100),
(1413, 'Xã Đức Thuận', 100),
(1414, 'Xã Gia An', 100),
(1415, 'Xã Gia Huynh', 100),
(1416, 'Xã Huy Khiêm', 100),
(1417, 'Xã La Ngâu', 100),
(1418, 'Xã Măng Tố', 100),
(1419, 'Xã Nghị Đức', 100),
(1420, 'Xã Suối Kiết', 100),
(1421, 'Thị trấn Liên Hương', 101),
(1422, 'Thị trấn Phan Rí Cửa', 101),
(1423, 'Xã Bình Thạnh', 101),
(1424, 'Xã Chí Công', 101),
(1425, 'Xã Hòa Minh', 101),
(1426, 'Xã Hoà Phú', 101),
(1427, 'Xã Phan Dũng', 101),
(1428, 'Xã Phong Phú', 101),
(1429, 'Xã Phú Lạc', 101),
(1430, 'Xã Phước Thể', 101),
(1431, 'Xã Vĩnh Hảo', 101),
(1432, 'Xã Vĩnh Tân', 101),
(1433, 'Phường Bình Hưng', 102),
(1434, 'Phường Đức Long', 102),
(1435, 'Phường Đức Nghĩa', 102),
(1436, 'Phường Đức Thắng', 102),
(1437, 'Phường Hàm Tiến', 102),
(1438, 'Phường Hưng Long', 102),
(1439, 'Phường Lạc Đạo', 102),
(1440, 'Phường Mũi Né', 102),
(1441, 'Phường Phú Hài', 102),
(1442, 'Phường Phú Tài', 102),
(1443, 'Phường Phú Thủy', 102),
(1444, 'Phường Phú Trinh', 102),
(1445, 'Phường Thanh Hải', 102),
(1446, 'Phường Xuân An', 102),
(1447, 'Xã Phong Nẫm', 102),
(1448, 'Xã Thiện Nghiệp', 102),
(1449, 'Xã Tiến Lợi', 102),
(1450, 'Xã Tiến Thành', 102),
(1451, 'Phường Bình Tân', 103),
(1452, 'Phường Phước Hội', 103),
(1453, 'Phường Phước Lộc', 103),
(1454, 'Phường Tân An', 103),
(1455, 'Phường Tân Thiện', 103),
(1456, 'Xã Tân Bình', 103),
(1457, 'Xã Tân Hải', 103),
(1458, 'Xã Tân Phước', 103),
(1459, 'Xã Tân Tiến', 103),
(1460, 'Thị trấn Cái Nước', 104),
(1461, 'Xã Đông Hưng', 104),
(1462, 'Xã Đông Thới', 104),
(1463, 'Xã Hoà Mỹ', 104),
(1464, 'Xã Hưng Mỹ', 104),
(1465, 'Xã Lương Thế Trân', 104),
(1466, 'Xã Phú Hưng', 104),
(1467, 'Xã Tân Hưng', 104),
(1468, 'Xã Tân Hưng Đông', 104),
(1469, 'Xã Thạnh Phú', 104),
(1470, 'Xã Trần Thới', 104),
(1471, 'Tân Duyệt', 105),
(1472, 'Thị trấn Đầm Dơi', 105),
(1473, 'Xã Ngọc Chánh', 105),
(1474, 'Xã Nguyễn Huân', 105),
(1475, 'Xã Quách Phẩm', 105),
(1476, 'Xã Quách Phẩm Bắc', 105),
(1477, 'Xã Tạ An Khương', 105),
(1478, 'Xã Tạ An Khương Đông', 105),
(1479, 'Xã Tạ An Khương Nam', 105),
(1480, 'Xã Tân Dân', 105),
(1481, 'Xã Tân Đức', 105),
(1482, 'Xã Tân Duyệt', 105),
(1483, 'Xã Tân Thuận', 105),
(1484, 'Xã Tân Tiến', 105),
(1485, 'Xã Tân Trung', 105),
(1486, 'Xã Thanh Tùng', 105),
(1487, 'Xã Trần Phán', 105),
(1488, 'Thị trấn Năm Căn', 106),
(1489, 'Xã Đất Mới', 106),
(1490, 'Xã Hàm Rồng', 106),
(1491, 'Xã Hàng Vịnh', 106),
(1492, 'Xã Hiệp Tùng', 106),
(1493, 'Xã Lâm Hải', 106),
(1494, 'Xã Tam Giang', 106),
(1495, 'Xã Tam Giang Đông', 106),
(1496, 'Thị Trấn Rạch Gốc', 107),
(1497, 'Xã Đất Mũi', 107),
(1498, 'Xã Tam Giang Tây', 107),
(1499, 'Xã Tân ân', 107),
(1500, 'Xã Tân Ân Tây', 107),
(1501, 'Xã Viên An', 107),
(1502, 'Xã Viên An Đông', 107),
(1503, 'Thị trấn Cái Đôi Vàm', 108),
(1504, 'Xã Nguyễn Việt Khái', 108),
(1505, 'Xã Phú Mỹ', 108),
(1506, 'Xã Phú Tân', 108),
(1507, 'xã Phú Thuận', 108),
(1508, 'xã Rạch Chèo', 108),
(1509, 'Xã Tân Hải', 108),
(1510, 'Xã Tân Hưng Tây', 108),
(1511, 'Xã Việt Thắng', 108),
(1512, 'Thị trấn Thới Bình', 109),
(1513, 'Xã Biển Bạch', 109),
(1514, 'Xã Biển Bạch Đông', 109),
(1515, 'Xã Hồ Thị Kỷ', 109),
(1516, 'Xã Tân Bằng', 109),
(1517, 'Xã Tân Lộc', 109),
(1518, 'Xã Tân Lộc Bắc', 109),
(1519, 'Xã Tân Lộc Đông', 109),
(1520, 'Xã Tân Phú', 109),
(1521, 'Xã Thới Bình', 109),
(1522, 'Xã Trí Lực', 109),
(1523, 'Xã Trí Phải', 109),
(1524, 'Thị trấn Sông Đốc', 110),
(1525, 'Thị trấn Trần Văn Thời', 110),
(1526, 'Xã Khánh Bình', 110),
(1527, 'Xã Khánh Bình Đông', 110),
(1528, 'Xã Khánh Bình Tây', 110),
(1529, 'Xã Khánh Bình Tây Bắc', 110),
(1530, 'Xã Khánh Hải', 110),
(1531, 'Xã Khánh Hưng', 110),
(1532, 'Xã Khánh Lộc', 110),
(1533, 'Xã Lợi An', 110),
(1534, 'Xã Phong Điền', 110),
(1535, 'Xã Phong Lạc', 110),
(1536, 'Xã Trần Hợi', 110),
(1537, 'Khánh Thuận', 111),
(1538, 'Thị trấn U Minh', 111),
(1539, 'Xã Khánh An', 111),
(1540, 'Xã Khánh Hòa', 111),
(1541, 'Xã Khánh Hội', 111),
(1542, 'Xã Khánh Lâm', 111),
(1543, 'Xã Khánh Tiến', 111),
(1544, 'Xã Nguyễn Phích', 111),
(1545, 'Phường 1', 112),
(1546, 'Phường 2', 112),
(1547, 'Phường 4', 112),
(1548, 'Phường 5', 112),
(1549, 'Phường 6', 112),
(1550, 'Phường 7', 112),
(1551, 'Phường 8', 112),
(1552, 'Phường 9', 112),
(1553, 'Phường Tân Thành', 112),
(1554, 'Tân Xuyên', 112),
(1555, 'Xã An Xuyên', 112),
(1556, 'Xã Định Bình', 112),
(1557, 'Xã Hòa Tân', 112),
(1558, 'Xã Hòa Thành', 112),
(1559, 'Xã Lý Văn Lâm', 112),
(1560, 'Xã Tắc Vân', 112),
(1561, 'Xã Tân Thành', 112),
(1562, 'Phường An Thới', 113),
(1563, 'Phường Bình Thủy', 113),
(1564, 'Phường Bùi Hữu Nghĩa', 113),
(1565, 'Phường Long Hòa', 113),
(1566, 'Phường Long Tuyền', 113),
(1567, 'Phường Thới An Đông', 113),
(1568, 'Phường Trà An', 113),
(1569, 'Phường Trà Nóc', 113),
(1570, 'Phường Ba Láng', 114),
(1571, 'Phường Hưng Phú', 114),
(1572, 'Phường Hưng Thạnh', 114),
(1573, 'Phường Lê Bình', 114),
(1574, 'Phường Phú Thứ', 114),
(1575, 'Phường Tân Phú', 114),
(1576, 'Phường Thường Thạnh', 114),
(1577, 'Phường An Bình', 115),
(1578, 'Phường An Cư', 115),
(1579, 'Phường An Hòa', 115),
(1580, 'Phường An Khánh', 115),
(1581, 'Phường An Nghiệp', 115),
(1582, 'Phường An Phú', 115),
(1583, 'Phường Cái Khế', 115),
(1584, 'Phường Hưng Lợi', 115),
(1585, 'Phường Tân An', 115),
(1586, 'Phường Thới Bình', 115),
(1587, 'Phường Xuân Khánh', 115),
(1588, 'Phường Châu Văn Liêm', 116),
(1589, 'Phường Long Hưng', 116),
(1590, 'Phường Phước Thới', 116),
(1591, 'Phường Thới An', 116),
(1592, 'Phường Thới Hoà', 116),
(1593, 'Phường Thới Long', 116),
(1594, 'Phường Trường Lạc', 116),
(1595, 'Phường Tân Hưng', 117),
(1596, 'Phường Tân Lộc', 117),
(1597, 'Phường Thạnh Hòa', 117),
(1598, 'Phường Thới Thuận', 117),
(1599, 'Phường Thốt Nốt', 117),
(1600, 'Phường Thuận An', 117),
(1601, 'Phường Thuận Hưng', 117),
(1602, 'Phường Trung Kiên', 117),
(1603, 'Phường Trung Nhứt', 117),
(1604, 'Thị trấn Cờ Đỏ', 118),
(1605, 'Xã Đông Hiệp', 118),
(1606, 'Xã Đông Thắng', 118),
(1607, 'Xã Thạnh Phú', 118),
(1608, 'Xã Thới Đông', 118),
(1609, 'Xã Thới Hưng', 118),
(1610, 'Xã Thới Xuân', 118),
(1611, 'Xã Trung An', 118),
(1612, 'Xã Trung Hưng', 118),
(1613, 'Xã Trung Thạnh', 118),
(1614, 'Thị Trấn Phong Điền', 119),
(1615, 'Xã Giai Xuân', 119),
(1616, 'Xã Mỹ Khánh', 119),
(1617, 'Xã Nhơn ái', 119),
(1618, 'Xã Nhơn Nghĩa', 119),
(1619, 'Xã Tân Thới', 119),
(1620, 'Xã Trường Long', 119),
(1621, 'Thị Trấn Thới Lai', 120),
(1622, 'Xã Định Môn', 120),
(1623, 'Xã Đông Bình', 120),
(1624, 'Xã Đông Thuận', 120),
(1625, 'Xã Tân Thạnh', 120),
(1626, 'Xã Thới Tân', 120),
(1627, 'Xã Thới Thạnh', 120),
(1628, 'Xã Trường Thắng', 120),
(1629, 'Xã Trường Thành', 120),
(1630, 'Xã Trường Xuân', 120),
(1631, 'Xã Trường Xuân A', 120),
(1632, 'Xã Trường Xuân B', 120),
(1633, 'Xã Xuân Thắng', 120),
(1634, 'Thị trấn Thanh An', 121),
(1635, 'Thị trấn Vĩnh Thạnh', 121),
(1636, 'Xã Thạnh An', 121),
(1637, 'Xã Thạnh Lộc', 121),
(1638, 'Xã Thạnh Lợi', 121),
(1639, 'Xã Thạnh Mỹ', 121),
(1640, 'Xã Thạnh Qưới', 121),
(1641, 'Xã Thạnh Thắng', 121),
(1642, 'Xã Thạnh Tiến', 121),
(1643, 'Xã Vĩnh Bình', 121),
(1644, 'Xã Vĩnh Trinh', 121),
(1645, 'Thị trấn Bảo Lạc', 122),
(1646, 'Xã Bảo Toàn', 122),
(1647, 'Xã Cô Ba', 122),
(1648, 'Xã Cốc Pàng', 122),
(1649, 'Xã Đình Phùng', 122),
(1650, 'Xã Hồng An', 122),
(1651, 'Xã Hồng Trị', 122),
(1652, 'Xã Hưng Đạo', 122),
(1653, 'Xã Hưng Thịnh', 122),
(1654, 'Xã Huy Giáp', 122),
(1655, 'Xã Khánh Xuân', 122),
(1656, 'Xã Kim Cúc', 122),
(1657, 'Xã Phan Thanh', 122),
(1658, 'Xã Sơn Lập', 122),
(1659, 'Xã Sơn Lộ', 122),
(1660, 'Xã Thượng Hà', 122),
(1661, 'Xã Xuân Trường', 122),
(1662, 'Thị trấn Pác Miầu', 123),
(1663, 'Xã Đức Hạnh', 123),
(1664, 'Xã Lý Bôn', 123),
(1665, 'Xã Mông ân', 123),
(1666, 'Xã Nam Cao', 123),
(1667, 'Xã Nam Quang', 123),
(1668, 'Xã Quảng Lâm', 123),
(1669, 'Xã Tân Việt', 123),
(1670, 'Xã Thạch Lâm', 123),
(1671, 'Xã Thái Học', 123),
(1672, 'Xã Thái Sơn', 123),
(1673, 'Xã Vĩnh Phong', 123),
(1674, 'Xã Vĩnh Quang', 123),
(1675, 'Xã Yên Thổ', 123),
(1676, 'Xã An Lạc', 124),
(1677, 'Xã Cô Ngân', 124),
(1678, 'Xã Đồng Loan', 124),
(1679, 'Xã Đức Quang', 124),
(1680, 'Xã Kim Loan', 124),
(1681, 'Xã Lý Quốc', 124),
(1682, 'Xã Minh Long', 124),
(1683, 'Xã Quang Long', 124),
(1684, 'Xã Thắng Lợi', 124),
(1685, 'Xã Thanh Nhật', 124),
(1686, 'Xã Thị Hoa', 124),
(1687, 'Xã Thống Nhất', 124),
(1688, 'Xã Vinh Quý', 124),
(1689, 'Thị trấn Thông Nông', 125),
(1690, 'Thị Trấn Xuân Hoà', 125),
(1691, 'Xã Cải Viên', 125),
(1692, 'Xã Cần Nông', 125),
(1693, 'Xã Cần Yên', 125),
(1694, 'Xã Đa Thông', 125),
(1695, 'Xã Hạ Thôn', 125),
(1696, 'Xã Hồng Sỹ', 125),
(1697, 'Xã Kéo Yên', 125),
(1698, 'Xã Lũng Nặm', 125),
(1699, 'Xã Lương Can', 125),
(1700, 'Xã Lương Thông', 125),
(1701, 'Xã Mã Ba', 125),
(1702, 'Xã Nà Sác', 125),
(1703, 'Xã Ngọc Đào', 125),
(1704, 'Xã Ngọc Động', 125),
(1705, 'Xã Nội Thôn', 125),
(1706, 'Xã Quý Quân', 125),
(1707, 'Xã Sĩ Hai', 125),
(1708, 'Xã Sóc Hà', 125),
(1709, 'Xã Thanh Long', 125),
(1710, 'Xã Thượng Thôn', 125),
(1711, 'Xã Tổng Cọt', 125),
(1712, 'Xã Trường Hà', 125),
(1713, 'Xã Vân An', 125),
(1714, 'Xã Vần Dính', 125),
(1715, 'Xã Yên Sơn', 125),
(1716, 'Thị trấn Nước Hai', 126),
(1717, 'Xã Bạch Đằng', 126),
(1718, 'Xã Bế Triều', 126),
(1719, 'Xã Bình Dương', 126),
(1720, 'Xã Bình Long', 126),
(1721, 'Xã Công Trừng', 126),
(1722, 'Xã Đại Tiến', 126),
(1723, 'Xã Dân Chủ', 126),
(1724, 'Xã Đức Long', 126),
(1725, 'Xã Đức Xuân', 126),
(1726, 'Xã Hà Trì', 126),
(1727, 'Xã Hoàng Tung', 126),
(1728, 'Xã Hồng Nam', 126),
(1729, 'Xã Hồng Việt', 126),
(1730, 'Xã Lê Chung', 126),
(1731, 'Xã Nam Tuấn', 126),
(1732, 'Xã Ngũ Lão', 126),
(1733, 'Xã Nguyễn Huệ', 126),
(1734, 'Xã Quang Trung', 126),
(1735, 'Xã Trưng Vương', 126),
(1736, 'Xã Trương Lương', 126),
(1737, 'Thị trấn Nguyên Bình', 127),
(1738, 'Thị trấn Tĩnh Túc', 127),
(1739, 'Xã Bắc Hợp', 127),
(1740, 'Xã Ca Thành', 127),
(1741, 'Xã Hoa Thám', 127),
(1742, 'Xã Hưng Đạo', 127),
(1743, 'Xã Lang Môn', 127),
(1744, 'Xã Mai Long', 127),
(1745, 'Xã Minh Tâm', 127),
(1746, 'Xã Minh Thanh', 127),
(1747, 'Xã Phan Thanh', 127),
(1748, 'Xã Quang Thành', 127),
(1749, 'Xã Tam Kim', 127),
(1750, 'Xã Thái Học', 127),
(1751, 'Xã Thành Công', 127),
(1752, 'Xã Thể Dục', 127),
(1753, 'Xã Thịnh Vượng', 127),
(1754, 'Xã Triệu Nguyên', 127),
(1755, 'Xã Vũ Minh', 127),
(1756, 'Xã Vũ Nông', 127),
(1757, 'Xã Yên Lạc', 127),
(1758, 'Thị Trấn Hòa Thuận', 128),
(1759, 'Thị trấn Tà Lùng', 128),
(1760, 'Xã Cách Linh', 128),
(1761, 'Xã Đại Sơn', 128),
(1762, 'Xã Hồng Đại', 128),
(1763, 'Xã Lương Thiện', 128),
(1764, 'Xã Mỹ Hưng', 128),
(1765, 'Xã Tiên Thành', 128),
(1766, 'Xã Triệu ẩu', 128),
(1767, 'Thị trấn Hoà Thuận', 129),
(1768, 'Thị trấn Quảng Uyên', 129),
(1769, 'Thị trấn Tà Lùng', 129),
(1770, 'Xã Bế Văn Đàn', 129),
(1771, 'Xã Cách Linh', 129),
(1772, 'Xã Cai Bộ', 129),
(1773, 'Xã Chí Thảo', 129),
(1774, 'Xã Đại Sơn', 129),
(1775, 'Xã Độc Lập', 129),
(1776, 'Xã Hạnh Phúc', 129),
(1777, 'Xã Hồng Quang', 129),
(1778, 'Xã Mỹ Hưng', 129),
(1779, 'Xã Ngọc Động', 129),
(1780, 'Xã Phi Hải', 129),
(1781, 'Xã Phúc Sen', 129),
(1782, 'Xã Quảng Hưng', 129),
(1783, 'Xã Quốc Toản', 129),
(1784, 'Xã Tiên Thành', 129),
(1785, 'Xã Tự Do', 129),
(1786, 'Thị trấn Quảng Uyên', 130),
(1787, 'Xã Bình Lăng', 130),
(1788, 'Xã Cai Bộ', 130),
(1789, 'Xã Chí Thảo', 130),
(1790, 'Xã Đoài Khôn', 130),
(1791, 'Xã Hạnh Phúc', 130),
(1792, 'Xã Hoàng Hải', 130),
(1793, 'Xã Hồng Định', 130),
(1794, 'Xã Hồng Quang', 130),
(1795, 'Xã Ngọc Động', 130),
(1796, 'Xã Phi Hải', 130),
(1797, 'Xã Phúc Sen', 130),
(1798, 'Xã Quảng Hưng', 130),
(1799, 'Xã Quốc Dân', 130),
(1800, 'Xã Quốc Phong', 130),
(1801, 'Xã Tự Do', 130),
(1802, 'Thị trấn Đông Khê', 131),
(1803, 'Xã Canh Tân', 131),
(1804, 'Xã Danh Sỹ', 131),
(1805, 'Xã Đức Long', 131),
(1806, 'Xã Đức Thông', 131),
(1807, 'Xã Đức Xuân', 131),
(1808, 'Xã Kim Đồng', 131),
(1809, 'Xã Lê Lai', 131),
(1810, 'Xã Lê Lợi', 131),
(1811, 'Xã Minh Khai', 131),
(1812, 'Xã Quang Trọng', 131),
(1813, 'Xã Thái Cường', 131),
(1814, 'Xã Thị Ngân', 131),
(1815, 'Xã Thuỵ Hùng', 131),
(1816, 'Xã Trọng Con', 131),
(1817, 'Xã Vân Trình', 131),
(1818, 'Thị trấn Hùng Quốc', 133),
(1819, 'Thị trấn Trà Lĩnh', 133),
(1820, 'Thị trấn Trùng Khánh', 133),
(1821, 'Xã Cảnh Tiên', 133),
(1822, 'Xã Cao Chương', 133),
(1823, 'Xã Cao Thăng', 133),
(1824, 'Xã Chí Viễn', 133),
(1825, 'Xã Cô Mười', 133),
(1826, 'Xã Đàm Thuỷ', 133),
(1827, 'Xã Đình Minh', 133),
(1828, 'Xã Đình Phong', 133),
(1829, 'Xã Đoài Côn', 133),
(1830, 'Xã Đoài Dương', 133),
(1831, 'Xã Đức Hồng', 133),
(1832, 'Xã Khâm Thành', 133),
(1833, 'Xã Lăng Hiếu', 133),
(1834, 'Xã Lăng Yên', 133),
(1835, 'Xã Lưu Ngọc', 133),
(1836, 'Xã Ngọc Chung', 133),
(1837, 'Xã Ngọc Côn', 133),
(1838, 'Xã Ngọc Khê', 133),
(1839, 'Xã Phong Châu', 133),
(1840, 'Xã Phong Nậm', 133),
(1841, 'Xã Quang Hán', 133),
(1842, 'Xã Quang Trung', 133),
(1843, 'Xã Quang Vinh', 133),
(1844, 'Xã Thân Giáp', 133),
(1845, 'Xã Thông Hoè', 133),
(1846, 'Xã Tri Phương', 133),
(1847, 'Xã Trung Phúc', 133),
(1848, 'Xã Xuân Nội', 133),
(1849, 'Phường Hợp Giang', 134),
(1850, 'Phường Sông Bằng', 134),
(1851, 'Phường Sông Hiến', 134),
(1852, 'Phường Tân Giang', 134),
(1853, 'Xã Chu Trinh', 134),
(1854, 'Xã Đề Thám', 134),
(1855, 'Xã Duyệt Trung', 134),
(1856, 'Xã Hoà Chung', 134),
(1857, 'Xã Hưng Đạo', 134),
(1858, 'Xã Ngọc Xuân', 134),
(1859, 'Xã Vĩnh Quang', 134),
(1860, 'Phường Hoà An', 135),
(1861, 'Phường Hoà Phát', 135),
(1862, 'Phường Hoà Thọ Đông', 135),
(1863, 'Phường Hoà Thọ Tây', 135),
(1864, 'Phường Hoà Xuân', 135),
(1865, 'Phường Khuê Trung', 135),
(1866, 'Hòa Phát', 135),
(1867, 'Phường Bình Hiên', 136),
(1868, 'Phường Bình Thuận', 136),
(1869, 'Phường Hải Châu I', 136),
(1870, 'Phường Hải Châu II', 136),
(1871, 'Phường Hoà Cường Bắc', 136),
(1872, 'Phường Hoà Cường Nam', 136),
(1873, 'Phường Hoà Thuận Đông', 136),
(1874, 'Phường Hoà Thuận Tây', 136),
(1875, 'Phường Nam Dương', 136),
(1876, 'Phường Phước Ninh', 136),
(1877, 'Phường Thạch Thang', 136),
(1878, 'Phường Thanh Bình', 136),
(1879, 'Phường Thuận Phước', 136),
(1880, 'Phường Hoà Hiệp Bắc', 137),
(1881, 'Phường Hoà Hiệp Nam', 137),
(1882, 'Phường Hoà Khánh Bắc', 137),
(1883, 'Phường Hoà Khánh Nam', 137),
(1884, 'Phường Hoà Minh', 137),
(1885, 'Phường Hoà Hải', 138),
(1886, 'Phường Hoà Quý', 138),
(1887, 'Phường Khuê Mỹ', 138),
(1888, 'Phường Mỹ An', 138),
(1889, 'Phường An Hải Bắc', 139),
(1890, 'Phường An Hải Đông', 139),
(1891, 'Phường An Hải Tây', 139),
(1892, 'Phường Mân Thái', 139),
(1893, 'Phường Nại Hiên Đông', 139),
(1894, 'Phường Phước Mỹ', 139),
(1895, 'Phường Thọ Quang', 139),
(1896, 'Phường An Khê', 140),
(1897, 'Phường Chính Gián', 140),
(1898, 'Phường Hoà Khê', 140),
(1899, 'Phường Tam Thuận', 140),
(1900, 'Phường Tân Chính', 140),
(1901, 'Phường Thạc Gián', 140),
(1902, 'Phường Thanh Khê Đông', 140),
(1903, 'Phường Thanh Khê Tây', 140),
(1904, 'Phường Vĩnh Trung', 140),
(1905, 'Phường Xuân Hà', 140),
(1906, 'Xã Hoà Bắc', 141),
(1907, 'Xã Hoà Châu', 141),
(1908, 'Xã Hoà Khương', 141),
(1909, 'Xã Hoà Liên', 141),
(1910, 'Xã Hoà Nhơn', 141),
(1911, 'Xã Hoà Ninh', 141),
(1912, 'Xã Hoà Phong', 141),
(1913, 'Xã Hoà Phú', 141);
INSERT INTO `wards` (`code`, `full_name`, `district_code`) VALUES
(1914, 'Xã Hoà Phước', 141),
(1915, 'Xã Hoà Sơn', 141),
(1916, 'Xã Hoà Tiến', 141),
(1917, 'Xã Cuôr KNia', 142),
(1918, 'Xã Ea Bar', 142),
(1919, 'Xã Ea Huar', 142),
(1920, 'Xã Ea Nuôl', 142),
(1921, 'Xã Ea Wer', 142),
(1922, 'Xã Krông Na', 142),
(1923, 'Xã Tân Hoà', 142),
(1924, 'Xã Cư Ê Wi', 143),
(1925, 'Xã Dray Bhăng', 143),
(1926, 'Xã Ea Bhốc', 143),
(1927, 'Xã Ea BHốk', 143),
(1928, 'Xã Ea Hu', 143),
(1929, 'Xã Ea Ktur', 143),
(1930, 'Xã Ea Ning', 143),
(1931, 'Xã Ea Tiêu', 143),
(1932, 'Xã Hòa Hiệp', 143),
(1933, 'Thị trấn Ea Pốk', 144),
(1934, 'Thị trấn Quảng Phú', 144),
(1935, 'Xã Cư Dliê M-nông', 144),
(1936, 'Xã Cư M-gar', 144),
(1937, 'Xã Cư Suê', 144),
(1938, 'Xã Cuor Đăng', 144),
(1939, 'Xã Ea D-Rơng', 144),
(1940, 'Xã Ea H-Đinh', 144),
(1941, 'Xã Ea Kiết', 144),
(1942, 'Xã Ea KPam', 144),
(1943, 'Xã Ea M-DRóh', 144),
(1944, 'Xã Ea M\'nang', 144),
(1945, 'Xã Ea Tar', 144),
(1946, 'Xã Ea Tul', 144),
(1947, 'Xã Eakuêh', 144),
(1948, 'Xã Quảng Hiệp', 144),
(1949, 'Xã Quảng Tiến', 144),
(1950, 'Thị trấn Ea Drăng', 145),
(1951, 'Xã Cư A mung', 145),
(1952, 'Xã Cư Mốt', 145),
(1953, 'Xã Dliê Yang', 145),
(1954, 'Xã Ea H\'leo', 145),
(1955, 'Xã Ea Hiao', 145),
(1956, 'Xã Ea Khal', 145),
(1957, 'Xã Ea Nam', 145),
(1958, 'Xã Ea Ral', 145),
(1959, 'Xã Ea Sol', 145),
(1960, 'Xã Ea Tir', 145),
(1961, 'Xã Ea Wy', 145),
(1962, 'Thị trấn Ea Kar', 146),
(1963, 'Thị trấn Ea Knốp', 146),
(1964, 'Xã Cư Bông', 146),
(1965, 'Xã Cư ELang', 146),
(1966, 'Xã Cư Huê', 146),
(1967, 'Xã Cư Ni', 146),
(1968, 'Xã Cư Prông', 146),
(1969, 'Xã Cư Yang', 146),
(1970, 'Xã Ea Đar', 146),
(1971, 'Xã Ea Kmút', 146),
(1972, 'Xã Ea ô', 146),
(1973, 'Xã Ea Păl', 146),
(1974, 'Xã Ea Păn', 146),
(1975, 'Xã Ea Sô', 146),
(1976, 'Xã Ea Tih', 146),
(1977, 'Xã EaSar', 146),
(1978, 'Xã Xuân Phú', 146),
(1979, 'Thị trấn Ea Súp', 147),
(1980, 'Xã Cư KBang', 147),
(1981, 'Xã Cư M-Lan', 147),
(1982, 'Xã Ea Bung', 147),
(1983, 'Xã Ea Lê', 147),
(1984, 'Xã Ea Rốk', 147),
(1985, 'Xã Ia JLơi', 147),
(1986, 'Xã Ia Lốp', 147),
(1987, 'Xã Ia Rvê', 147),
(1988, 'Xã Ya Tờ Mốt', 147),
(1989, 'Thị trấn Buôn Trấp', 148),
(1990, 'Xã Băng A Drênh', 148),
(1991, 'Xã Bình Hòa', 148),
(1992, 'Xã Dray Sáp', 148),
(1993, 'Xã Dur KMăl', 148),
(1994, 'Xã Ea Bông', 148),
(1995, 'Xã Ea Na', 148),
(1996, 'Xã Quảng Điền', 148),
(1997, 'Thị trấn Krông Kmar', 149),
(1998, 'Xã Cư Drăm', 149),
(1999, 'Xã Cư KTy', 149),
(2000, 'Xã Cư Pui', 149),
(2001, 'Xã Dang Kang', 149),
(2002, 'Xã Ea Trul', 149),
(2003, 'Xã Hòa Lễ', 149),
(2004, 'Xã Hòa Phong', 149),
(2005, 'Xã Hòa Sơn', 149),
(2006, 'Xã Hòa Tân', 149),
(2007, 'Xã Hòa Thành', 149),
(2008, 'Xã Khuê Ngọc Điền', 149),
(2009, 'Xã Yang Mao', 149),
(2010, 'Xã Yang Reh', 149),
(2011, 'Xã Chư Kbô', 150),
(2012, 'Xã Cư Né', 150),
(2013, 'Xã Cư Pơng', 150),
(2014, 'Xã Ea Ngai', 150),
(2015, 'Xã Ea Sin', 150),
(2016, 'Xã Pơng Drang', 150),
(2017, 'Xã Tân Lập', 150),
(2018, 'Thị trấn Krông Năng', 151),
(2019, 'Xã Cư Klông', 151),
(2020, 'Xã ĐLiê Ya', 151),
(2021, 'Xã Ea Đah', 151),
(2022, 'Xã Ea Hồ', 151),
(2023, 'Xã Ea Puk', 151),
(2024, 'Xã Ea Tam', 151),
(2025, 'Xã Ea Tân', 151),
(2026, 'Xã Ea Tóh', 151),
(2027, 'Xã Phú Lộc', 151),
(2028, 'Xã Phú Xuân', 151),
(2029, 'Xã Tam Giang', 151),
(2030, 'Thị trấn Phước An', 152),
(2031, 'Xã Ea Hiu', 152),
(2032, 'Xã Ea Kênh', 152),
(2033, 'Xã Ea Kly', 152),
(2034, 'Xã Ea KNuec', 152),
(2035, 'Xã Ea Kuăng', 152),
(2036, 'Xã Ea Phê', 152),
(2037, 'Xã Ea Uy', 152),
(2038, 'Xã Ea Yiêng', 152),
(2039, 'Xã Ea Yông', 152),
(2040, 'Xã Hòa An', 152),
(2041, 'Xã Hoà Đông', 152),
(2042, 'Xã Hòa Tiến', 152),
(2043, 'Xã KRông Búk', 152),
(2044, 'Xã Tân Tiến', 152),
(2045, 'Xã Vụ Bổn', 152),
(2046, 'Thị trấn Liên Sơn', 153),
(2047, 'Xã Bông Krang', 153),
(2048, 'Xã Buôn Tría', 153),
(2049, 'Xã Buôn Triết', 153),
(2050, 'Xã Đắk Liêng', 153),
(2051, 'Xã Đắk Nuê', 153),
(2052, 'Xã Đắk Phơi', 153),
(2053, 'Xã Ea R-Bin', 153),
(2054, 'Xã Krông Nô', 153),
(2055, 'Xã Nam Ka', 153),
(2056, 'Xã Yang Tao', 153),
(2057, 'Thị trấn M-Đrắk', 154),
(2058, 'xã Cư San', 154),
(2059, 'Xã Cư K Róa', 154),
(2060, 'Xã Cư M-ta', 154),
(2061, 'Xã Cư Prao', 154),
(2062, 'Xã Ea H\'MLay', 154),
(2063, 'Xã Ea Lai', 154),
(2064, 'Xã Ea M- Doal', 154),
(2065, 'Xã Ea Pil', 154),
(2066, 'Xã Ea Riêng', 154),
(2067, 'Xã Ea Trang', 154),
(2068, 'Xã KRông á', 154),
(2069, 'Xã Krông Jing', 154),
(2070, 'Phường Ea Tam', 155),
(2071, 'Phường Khánh Xuân', 155),
(2072, 'Phường Tân An', 155),
(2073, 'Phường Tân Hoà', 155),
(2074, 'Phường Tân Lập', 155),
(2075, 'Phường Tân Lợi', 155),
(2076, 'Phường Tân Thành', 155),
(2077, 'Phường Tân Tiến', 155),
(2078, 'Phường Thắng Lợi', 155),
(2079, 'Phường Thành Công', 155),
(2080, 'Phường Thành Nhất', 155),
(2081, 'Phường Thống Nhất', 155),
(2082, 'Phường Tự An', 155),
(2083, 'Xã Cư êBur', 155),
(2084, 'Xã Ea Kao', 155),
(2085, 'Xã Ea Tu', 155),
(2086, 'Xã Hòa Khánh', 155),
(2087, 'Xã Hòa Phú', 155),
(2088, 'Xã Hòa Thắng', 155),
(2089, 'Xã Hòa Thuận', 155),
(2090, 'Xã Hòa Xuân', 155),
(2091, 'Phường An Bình', 156),
(2092, 'Phường An Lạc', 156),
(2093, 'Phường Bình Tân', 156),
(2094, 'Phường Đạt Hiếu', 156),
(2095, 'Phường Đoàn Kết', 156),
(2096, 'Phường Thiện An', 156),
(2097, 'Phường Thống Nhất', 156),
(2098, 'Xã Bình Thuận', 156),
(2099, 'Xã Cư Bao', 156),
(2100, 'Xã Ea Blang', 156),
(2101, 'Xã Ea Drông', 156),
(2102, 'Xã Ea Siên', 156),
(2103, 'Thị trấn Ea T-Ling', 157),
(2104, 'Xã Cư Knia', 157),
(2105, 'Xã Đắk DRông', 157),
(2106, 'Xã Đắk Wil', 157),
(2107, 'Xã Ea Pô', 157),
(2108, 'Xã Nam Dong', 157),
(2109, 'Xã Tâm Thắng', 157),
(2110, 'Xã Trúc Sơn', 157),
(2111, 'Xã Đắk Ha', 158),
(2112, 'Xã Đắk Plao', 158),
(2113, 'Xã Đắk R Măng', 158),
(2114, 'Xã Đắk Som', 158),
(2115, 'Xã Quảng Hoà', 158),
(2116, 'Xã Quảng Khê', 158),
(2117, 'Xã Quảng Sơn', 158),
(2118, 'Thị trấn Đắk Mil', 159),
(2119, 'Xã Đắk Gằn', 159),
(2120, 'Xã Đắk Lao', 159),
(2121, 'Xã Đắk N Drót', 159),
(2122, 'Xã Đắk R-La', 159),
(2123, 'Xã Đắk Sắk', 159),
(2124, 'Xã Đức Mạnh', 159),
(2125, 'Xã Đức Minh', 159),
(2126, 'Xã Long Sơn', 159),
(2127, 'Xã Thuận An', 159),
(2128, 'Thị trấn Kiến Đức', 160),
(2129, 'Xã Đắk Ru', 160),
(2130, 'Xã Đắk Sin', 160),
(2131, 'Xã Đắk Wer', 160),
(2132, 'Xã Đạo Nghĩa', 160),
(2133, 'Xã Hưng Bình', 160),
(2134, 'Xã Kiến Thành', 160),
(2135, 'Xã Nghĩa Thắng', 160),
(2136, 'Xã Nhân Cơ', 160),
(2137, 'Xã Nhân Đạo', 160),
(2138, 'Xã Quảng Tín', 160),
(2139, 'Nam Bình', 161),
(2140, 'Thị trấn Đức An', 161),
(2141, 'Xã Đăk Hoà', 161),
(2142, 'Xã Đắk Môl', 161),
(2143, 'Xã Đắk N\'Dung', 161),
(2144, 'Xã Nâm N Jang', 161),
(2145, 'Xã Thuận Hà', 161),
(2146, 'Xã Thuận Hạnh', 161),
(2147, 'Xã Trường Xuân', 161),
(2148, 'Thị trấn Đắk Mâm', 162),
(2149, 'Xã Buôn Choah', 162),
(2150, 'Xã Đắk Drô', 162),
(2151, 'Xã Đắk Nang', 162),
(2152, 'Xã Đắk Sôr', 162),
(2153, 'Xã Đức Xuyên', 162),
(2154, 'Xã Nam Đà', 162),
(2155, 'Xã Nâm Đir', 162),
(2156, 'Xã Nâm N\'Đir', 162),
(2157, 'Xã Nâm Nung', 162),
(2158, 'Xã Nam Xuân', 162),
(2159, 'Xã Quảng Phú', 162),
(2160, 'Xã Tân Thành', 162),
(2161, 'Xã Đắk Búk So', 163),
(2162, 'Xã Đăk Ngo', 163),
(2163, 'Xã Đắk R-Tíh', 163),
(2164, 'Xã Quảng Tâm', 163),
(2165, 'Xã Quảng Tân', 163),
(2166, 'Xã Quảng Trực', 163),
(2167, 'Phường Nghĩa Đức', 164),
(2168, 'Phường Nghĩa Phú', 164),
(2169, 'Phường Nghĩa Tân', 164),
(2170, 'Phường Nghĩa Thành', 164),
(2171, 'Phường Nghĩa Trung', 164),
(2172, 'Phường Quảng Thành', 164),
(2173, 'Xã Đắk Nia', 164),
(2174, 'Xã Đăk R Moan', 164),
(2175, 'Hẹ Muông', 165),
(2176, 'Pom Lót', 165),
(2177, 'Xã Hua Thanh', 165),
(2178, 'Xã Mường Lói', 165),
(2179, 'Xã Mường Nhà', 165),
(2180, 'Xã Mường Pồn', 165),
(2181, 'Xã Na Tông', 165),
(2182, 'Xã Na ư', 165),
(2183, 'Xã Noong Hẹt', 165),
(2184, 'Xã Noong Luống', 165),
(2185, 'Xã Núa Ngam', 165),
(2186, 'Xã Pa Thơm', 165),
(2187, 'Xã Phu Luông', 165),
(2188, 'Xã Sam Mứn', 165),
(2189, 'Xã Thanh An', 165),
(2190, 'Xã Thanh Chăn', 165),
(2191, 'Xã Thanh Hưng', 165),
(2192, 'Xã Thanh Luông', 165),
(2193, 'Xã Thanh Nưa', 165),
(2194, 'Xã Thanh Xương', 165),
(2195, 'Xã Thanh Yên', 165),
(2196, 'Nong U', 166),
(2197, 'Pú Hồng', 166),
(2198, 'Thị trấn Điện Biên Đông', 166),
(2199, 'Tìa Dình', 166),
(2200, 'Xã Chiềng Sơ', 166),
(2201, 'Xã Háng Lìa', 166),
(2202, 'Xã Keo Lôm', 166),
(2203, 'Xã Luân Giói', 166),
(2204, 'Xã Mường Luân', 166),
(2205, 'Xã Na Son', 166),
(2206, 'Xã Phì Nhừ', 166),
(2207, 'Xã Phình Giàng', 166),
(2208, 'Xã Pú Nhi', 166),
(2209, 'Xã Xa Dung', 166),
(2210, 'Thị Trấn Mường ảng', 167),
(2211, 'Xã Ẳng Cang', 167),
(2212, 'Xã ảng nưa', 167),
(2213, 'Xã ảng tở', 167),
(2214, 'Xã Búng Lao', 167),
(2215, 'Xã Mường Đăng', 167),
(2216, 'Xã Mường Lạn', 167),
(2217, 'Xã Nặm Lịch', 167),
(2218, 'Xã Nậm Lịch', 167),
(2219, 'Xã Ngối Cáy', 167),
(2220, 'Xã Xuân Lao', 167),
(2221, 'Huối Mí', 168),
(2222, 'Ma Thì Hồ', 168),
(2223, 'Na Sang', 168),
(2224, 'Nậm Nèn', 168),
(2225, 'Sa Lông', 168),
(2226, 'Thị trấn Mường Chà', 168),
(2227, 'Xã Hừa Ngài', 168),
(2228, 'Xã Huổi Lèng', 168),
(2229, 'Xã Mường Mươn', 168),
(2230, 'Xã Mường Tùng', 168),
(2231, 'Xã Pa Ham', 168),
(2232, 'Xã Xá Tổng', 168),
(2233, 'Xã Chung Chải', 169),
(2234, 'Xã Huổi Lếnh', 169),
(2235, 'Xã Leng Su Sìn', 169),
(2236, 'Xã Mường Nhé', 169),
(2237, 'Xã Mường Toong', 169),
(2238, 'Xã Nậm Kè', 169),
(2239, 'Xã Nậm Vì', 169),
(2240, 'Xã Pá Mỳ', 169),
(2241, 'Xã Quảng Lâm', 169),
(2242, 'Xã Sen Thượng', 169),
(2243, 'Xã Sín Thầu', 169),
(2244, 'Nậm Chua', 170),
(2245, 'Xã Chà Cang', 170),
(2246, 'Xã Chà Nưa', 170),
(2247, 'Xã Chà Tở', 170),
(2248, 'Xã Nà Bủng', 170),
(2249, 'Xã Na Cô Sa', 170),
(2250, 'Xã Nà Hỳ', 170),
(2251, 'Xã Nà Khoa', 170),
(2252, 'Xã Nậm Khăn', 170),
(2253, 'Xã Nậm Nhừ', 170),
(2254, 'Xã Nậm Tin', 170),
(2255, 'Xã Pa Tần', 170),
(2256, 'Xã Phìn Hồ', 170),
(2257, 'Xã Si Pa Phìn', 170),
(2258, 'Xã Vàng Đán', 170),
(2259, 'Thị trấn Tủa Chùa', 171),
(2260, 'Xã Huổi Só', 171),
(2261, 'Xã Lao Xả Phình', 171),
(2262, 'Xã Mường Báng', 171),
(2263, 'Xã Mường Đun', 171),
(2264, 'Xã Sáng Nhè', 171),
(2265, 'Xã Sính Phình', 171),
(2266, 'Xã Tả Phìn', 171),
(2267, 'Xã Tả Sìn Thàng', 171),
(2268, 'Xã Trung Thu', 171),
(2269, 'Xã Tủa Thàng', 171),
(2270, 'Xã Xín Chải', 171),
(2271, 'Pú Xi', 172),
(2272, 'Thị trấn Tuần Giáo', 172),
(2273, 'Xã Chiềng Đông', 172),
(2274, 'Xã Chiềng Sinh', 172),
(2275, 'Xã Mùn Chung', 172),
(2276, 'Xã Mường Khong', 172),
(2277, 'Xã Mường Mùn', 172),
(2278, 'Xã Mường Thín', 172),
(2279, 'Xã Nà Sáy', 172),
(2280, 'Xã Nà Tòng', 172),
(2281, 'Xã Phình Sáng', 172),
(2282, 'Xã Pú Nhung', 172),
(2283, 'Xã Quài Cang', 172),
(2284, 'Xã Quài Nưa', 172),
(2285, 'Xã Quài Tở', 172),
(2286, 'Xã Rạng Đông', 172),
(2287, 'Xã Ta Ma', 172),
(2288, 'Xã Tênh Phông', 172),
(2289, 'Xã Tỏa Tình', 172),
(2290, 'Phường Him Lam', 173),
(2291, 'Phường Mường Thanh', 173),
(2292, 'Phường Nam Thanh', 173),
(2293, 'Phường Noong Bua', 173),
(2294, 'Phường Tân Thanh', 173),
(2295, 'Phường Thanh Bình', 173),
(2296, 'Phường Thanh Trường', 173),
(2297, 'Xã Mường Phăng', 173),
(2298, 'Xã Nà Nhạn', 173),
(2299, 'Xã Nà Tấu', 173),
(2300, 'Xã Pá Khoang', 173),
(2301, 'Xã Tà Lèng', 173),
(2302, 'Xã Thanh Minh', 173),
(2303, 'Phường Na Lay', 174),
(2304, 'Phường Sông Đà', 174),
(2305, 'Xã Lay Nưa', 174),
(2306, 'Xã Bảo Bình', 175),
(2307, 'Xã Lâm San', 175),
(2308, 'Xã Long Giao', 175),
(2309, 'Xã Nhân Nghĩa', 175),
(2310, 'Xã Sông Nhạn', 175),
(2311, 'Xã Sông Ray', 175),
(2312, 'Xã Thừa Đức', 175),
(2313, 'Xã Xuân Bảo', 175),
(2314, 'Xã Xuân Đông', 175),
(2315, 'Xã Xuân Đường', 175),
(2316, 'Xã Xuân Mỹ', 175),
(2317, 'Xã Xuân Quế', 175),
(2318, 'Xã Xuân Tây', 175),
(2319, 'Thị trấn Định Quán', 176),
(2320, 'Xã Gia Canh', 176),
(2321, 'Xã La Ngà', 176),
(2322, 'Xã Ngọc Định', 176),
(2323, 'Xã Phú Cường', 176),
(2324, 'Xã Phú Hòa', 176),
(2325, 'Xã Phú Lợi', 176),
(2326, 'Xã Phú Ngọc', 176),
(2327, 'Xã Phú Tân', 176),
(2328, 'Xã Phú Túc', 176),
(2329, 'Xã Phú Vinh', 176),
(2330, 'Xã Suối Nho', 176),
(2331, 'Xã Thanh Sơn', 176),
(2332, 'Xã Túc Trưng', 176),
(2333, 'Thị trấn Long Thành', 177),
(2334, 'Xã An Phước', 177),
(2335, 'Xã Bàu Cạn', 177),
(2336, 'Xã Bình An', 177),
(2337, 'Xã Bình Sơn', 177),
(2338, 'Xã Cẩm Đường', 177),
(2339, 'Xã Lộc An', 177),
(2340, 'Xã Long An', 177),
(2341, 'Xã Long Đức', 177),
(2342, 'Xã Long Phước', 177),
(2343, 'Xã Phước Bình', 177),
(2344, 'Xã Phước Thái', 177),
(2345, 'Xã Suối Trầu', 177),
(2346, 'Xã Tam An', 177),
(2347, 'Xã Tân Hiệp', 177),
(2348, 'Xã Đại Phước', 178),
(2349, 'Xã Hiệp Phước', 178),
(2350, 'Xã Long Tân', 178),
(2351, 'Xã Long Thọ', 178),
(2352, 'Xã Phú Đông', 178),
(2353, 'Xã Phú Hội', 178),
(2354, 'Xã Phú Hữu', 178),
(2355, 'Xã Phú Thạnh', 178),
(2356, 'Xã Phước An', 178),
(2357, 'Xã Phước Khánh', 178),
(2358, 'Xã Phước Thiền', 178),
(2359, 'Xã Vĩnh Thanh', 178),
(2360, 'Đắc Lua', 179),
(2361, 'Thị trấn Tân Phú', 179),
(2362, 'Xã Dak Lua', 179),
(2363, 'Xã Nam Cát Tiên', 179),
(2364, 'Xã Núi Tượng', 179),
(2365, 'Xã Phú An', 179),
(2366, 'Xã Phú Bình', 179),
(2367, 'Xã Phú Điền', 179),
(2368, 'Xã Phú Lâm', 179),
(2369, 'Xã Phú Lập', 179),
(2370, 'Xã Phú Lộc', 179),
(2371, 'Xã Phú Sơn', 179),
(2372, 'Xã Phú Thanh', 179),
(2373, 'Xã Phú Thịnh', 179),
(2374, 'Xã Phú Trung', 179),
(2375, 'Xã Phú Xuân', 179),
(2376, 'Xã Tà Lài', 179),
(2377, 'Xã Thanh Sơn', 179),
(2378, 'Xã Trà Cổ', 179),
(2379, 'Thị Trấn Dầu Giây', 180),
(2380, 'Xã Bàu Hàm 2', 180),
(2381, 'Xã Gia Kiệm', 180),
(2382, 'Xã Gia Tân 1', 180),
(2383, 'Xã Gia Tân 2', 180),
(2384, 'Xã Gia Tân 3', 180),
(2385, 'Xã Hưng Lộc', 180),
(2386, 'Xã Lộ 25', 180),
(2387, 'Xã Quang Trung', 180),
(2388, 'Xã Xuân Thạnh', 180),
(2389, 'Xã Xuân Thiện', 180),
(2390, 'Thị trấn Trảng Bom', 181),
(2391, 'Xã An Viễn', 181),
(2392, 'Xã Bắc Sơn', 181),
(2393, 'Xã Bàu Hàm', 181),
(2394, 'Xã Bình Minh', 181),
(2395, 'Xã Cây Gáo', 181),
(2396, 'Xã Đồi 61', 181),
(2397, 'Xã Đông Hoà', 181),
(2398, 'Xã Giang Điền', 181),
(2399, 'Xã Hố Nai 3', 181),
(2400, 'Xã Hưng Thịnh', 181),
(2401, 'Xã Quảng Tiến', 181),
(2402, 'Xã Sông Thao', 181),
(2403, 'Xã Sông Trầu', 181),
(2404, 'Xã Tây Hoà', 181),
(2405, 'Xã Thanh Bình', 181),
(2406, 'Xã Trung Hoà', 181),
(2407, 'Thị trấn Vĩnh An', 182),
(2408, 'Xã Bình Hòa', 182),
(2409, 'Xã Bình Lợi', 182),
(2410, 'Xã Hiếu Liêm', 182),
(2411, 'Xã Mã Đà', 182),
(2412, 'Xã Phú Lý', 182),
(2413, 'Xã Tân An', 182),
(2414, 'Xã Tân Bình', 182),
(2415, 'Xã Thạnh Phú', 182),
(2416, 'Xã Thiện Tân', 182),
(2417, 'Xã Trị An', 182),
(2418, 'Xã Vĩnh Tân', 182),
(2419, 'Thị trấn Gia Ray', 183),
(2420, 'Xã Bảo Hoà', 183),
(2421, 'Xã Lang Minh', 183),
(2422, 'Xã Suối Cao', 183),
(2423, 'Xã Suối Cát', 183),
(2424, 'Xã Xuân Bắc', 183),
(2425, 'Xã Xuân Định', 183),
(2426, 'Xã Xuân Hiệp', 183),
(2427, 'Xã Xuân Hòa', 183),
(2428, 'Xã Xuân Hưng', 183),
(2429, 'Xã Xuân Phú', 183),
(2430, 'Xã Xuân Tâm', 183),
(2431, 'Xã Xuân Thành', 183),
(2432, 'Xã Xuân Thọ', 183),
(2433, 'Xã Xuân Trường', 183),
(2434, 'Phường An Bình', 184),
(2435, 'Phường An Hòa', 184),
(2436, 'Phường Bình Đa', 184),
(2437, 'Phường Bửu Hòa', 184),
(2438, 'Phường Bửu Long', 184),
(2439, 'Phường Hố Nai', 184),
(2440, 'Phường Hòa Bình', 184),
(2441, 'Phường Long Bình', 184),
(2442, 'Phường Long Bình Tân', 184),
(2443, 'Phường Phước Tân', 184),
(2444, 'Phường Quang Vinh', 184),
(2445, 'Phường Quyết Thắng', 184),
(2446, 'Phường Tam Hiệp', 184),
(2447, 'Phường Tam Hòa', 184),
(2448, 'Phường Tam Phước', 184),
(2449, 'Phường Tân Biên', 184),
(2450, 'Phường Tân Hạnh', 184),
(2451, 'Phường Tân Hiệp', 184),
(2452, 'Phường Tân Hòa', 184),
(2453, 'Phường Tân Mai', 184),
(2454, 'Phường Tân Phong', 184),
(2455, 'Phường Tân Tiến', 184),
(2456, 'Phường Tân Vạn', 184),
(2457, 'Phường Thanh Bình', 184),
(2458, 'Phường Thống Nhất', 184),
(2459, 'Phường Trảng Dài', 184),
(2460, 'Phường Trung Dũng', 184),
(2461, 'Xã Hiệp Hòa', 184),
(2462, 'Xã Hóa An', 184),
(2463, 'Xã Long Hưng', 184),
(2464, 'Phường Bàu Sen', 185),
(2465, 'Phường Phú Bình', 185),
(2466, 'Phường Suối Tre', 185),
(2467, 'Phường Xuân An', 185),
(2468, 'Phường Xuân Bình', 185),
(2469, 'Phường Xuân Hoà', 185),
(2470, 'Phường Xuân Lập', 185),
(2471, 'Phường Xuân Tân', 185),
(2472, 'Phường Xuân Thanh', 185),
(2473, 'Phường Xuân Trung', 185),
(2474, 'Xã Bảo Quang', 185),
(2475, 'Xã Bảo Vinh', 185),
(2476, 'Xã Bàu Trâm', 185),
(2477, 'Xã Bình Lộc', 185),
(2478, 'Xã Hàng Gòn', 185),
(2479, 'Thị trấn Mỹ Thọ', 186),
(2480, 'Xã An Bình', 186),
(2481, 'Xã Ba Sao', 186),
(2482, 'Xã Bình Hàng Tây', 186),
(2483, 'Xã Bình Hàng Trung', 186),
(2484, 'Xã Bình Thạnh', 186),
(2485, 'Xã Gáo Giồng', 186),
(2486, 'Xã Mỹ Hiệp', 186),
(2487, 'Xã Mỹ Hội', 186),
(2488, 'Xã Mỹ Long', 186),
(2489, 'Xã Mỹ Thọ', 186),
(2490, 'Xã Mỹ Xương', 186),
(2491, 'Xã Nhị Mỹ', 186),
(2492, 'Xã Phong Mỹ', 186),
(2493, 'Xã Phương Thịnh', 186),
(2494, 'Xã Phương Trà', 186),
(2495, 'Xã Tân Hội Trung', 186),
(2496, 'Xã Tân Nghĩa', 186),
(2497, 'Thị trấn Cái Tàu Hạ', 187),
(2498, 'Xã An Hiệp', 187),
(2499, 'Xã An Khánh', 187),
(2500, 'Xã An Nhơn', 187),
(2501, 'Xã An Phú Thuận', 187),
(2502, 'Xã Hòa Tân', 187),
(2503, 'Xã Phú Hựu', 187),
(2504, 'Xã Phú Long', 187),
(2505, 'Xã Tân Bình', 187),
(2506, 'Xã Tân Nhuận Đông', 187),
(2507, 'Xã Tân Phú', 187),
(2508, 'Xã Tân Phú Trung', 187),
(2509, 'Thị Trấn Thường Thới Tiền', 188),
(2510, 'Xã Long Khánh A', 188),
(2511, 'Xã Long Khánh B', 188),
(2512, 'Xã Long Thuận', 188),
(2513, 'Xã Phú Thuận A', 188),
(2514, 'Xã Phú Thuận B', 188),
(2515, 'Xã Thường Lạc', 188),
(2516, 'Xã Thường Phước 1', 188),
(2517, 'Xã Thường Phước 2', 188),
(2518, 'Xã Thường Thới Hậu A', 188),
(2519, 'Xã Thường Thới Hậu B', 188),
(2520, 'Thị trấn Lai Vung', 189),
(2521, 'Xã Định Hòa', 189),
(2522, 'Xã Hòa Long', 189),
(2523, 'Xã Hòa Thành', 189),
(2524, 'Xã Long Hậu', 189),
(2525, 'Xã Long Thắng', 189),
(2526, 'Xã Phong Hòa', 189),
(2527, 'Xã Tân Dương', 189),
(2528, 'Xã Tân Hòa', 189),
(2529, 'Xã Tân Phước', 189),
(2530, 'Xã Tân Thành', 189),
(2531, 'Xã Vĩnh Thới', 189),
(2532, 'Thị trấn Lấp Vò', 190),
(2533, 'Xã Bình Thành', 190),
(2534, 'Xã Bình Thạnh Trung', 190),
(2535, 'Xã Định An', 190),
(2536, 'Xã Định Yên', 190),
(2537, 'Xã Hội An Đông', 190),
(2538, 'Xã Long Hưng A', 190),
(2539, 'Xã Long Hưng B', 190),
(2540, 'Xã Mỹ An Hưng A', 190),
(2541, 'Xã Mỹ An Hưng B', 190),
(2542, 'Xã Tân Khánh Trung', 190),
(2543, 'Xã Tân Mỹ', 190),
(2544, 'Xã Vĩnh Thạnh', 190),
(2545, 'Thị trấn Tràm Chim', 191),
(2546, 'Xã An Hòa', 191),
(2547, 'Xã An Long', 191),
(2548, 'Xã Hoà Bình', 191),
(2549, 'Xã Phú Cường', 191),
(2550, 'Xã Phú Đức', 191),
(2551, 'Xã Phú Hiệp', 191),
(2552, 'Xã Phú Ninh', 191),
(2553, 'Xã Phú Thành A', 191),
(2554, 'Xã Phú Thành B', 191),
(2555, 'Xã Phú Thọ', 191),
(2556, 'Xã Tân Công Sính', 191),
(2557, 'Thị trấn Sa Rài', 192),
(2558, 'Xã An Phước', 192),
(2559, 'Xã Bình Phú', 192),
(2560, 'Xã Tân Công Chí', 192),
(2561, 'Xã Tân Hộ Cơ', 192),
(2562, 'Xã Tân Phước', 192),
(2563, 'Xã Tân Thành A', 192),
(2564, 'Xã Tân Thành B', 192),
(2565, 'Xã Thông Bình', 192),
(2566, 'Thị trấn Thanh Bình', 193),
(2567, 'Xã An Phong', 193),
(2568, 'Xã Bình Tấn', 193),
(2569, 'Xã Bình Thành', 193),
(2570, 'Xã Phú Lợi', 193),
(2571, 'Xã Tân Bình', 193),
(2572, 'Xã Tân Hòa', 193),
(2573, 'Xã Tân Huề', 193),
(2574, 'Xã Tân Long', 193),
(2575, 'Xã Tân Mỹ', 193),
(2576, 'Xã Tân Phú', 193),
(2577, 'Xã Tân Quới', 193),
(2578, 'Xã Tân Thạnh', 193),
(2579, 'Thị trấn Mỹ An', 194),
(2580, 'Xã Đốc Binh Kiều', 194),
(2581, 'Xã Hưng Thạnh', 194),
(2582, 'Xã Láng Biển', 194),
(2583, 'Xã Mỹ An', 194),
(2584, 'Xã Mỹ Đông', 194),
(2585, 'Xã Mỹ Hòa', 194),
(2586, 'Xã Mỹ Quý', 194),
(2587, 'Xã Phú Điền', 194),
(2588, 'Xã Tân Kiều', 194),
(2589, 'Xã Thạnh Lợi', 194),
(2590, 'Xã Thanh Mỹ', 194),
(2591, 'Xã Trường Xuân', 194),
(2592, 'Phường 1', 195),
(2593, 'Phường 2', 195),
(2594, 'Phường 3', 195),
(2595, 'Phường 4', 195),
(2596, 'Phường 6', 195),
(2597, 'Phường 11', 195),
(2598, 'Phường Hoà Thuận', 195),
(2599, 'Phường Mỹ Phú', 195),
(2600, 'Xã Hòa An', 195),
(2601, 'Xã Mỹ Ngãi', 195),
(2602, 'Xã Mỹ Tân', 195),
(2603, 'Xã Mỹ Trà', 195),
(2604, 'Xã Tân Thuận Đông', 195),
(2605, 'Xã Tân Thuận Tây', 195),
(2606, 'Xã Tịnh Thới', 195),
(2607, 'Phường An Bình A', 196),
(2608, 'Phường An Bình B', 196),
(2609, 'Phường An Lạc', 196),
(2610, 'Phường An Lộc', 196),
(2611, 'Phường An Thạnh', 196),
(2612, 'Xã Bình Thạnh', 196),
(2613, 'Xã Tân Hội', 196),
(2614, 'Phường 1', 197),
(2615, 'Phường 2', 197),
(2616, 'Phường 3', 197),
(2617, 'Phường 4', 197),
(2618, 'Phường An Hòa', 197),
(2619, 'Phường Tân Quy Đông', 197),
(2620, 'Xã Tân Khánh Đông', 197),
(2621, 'Xã Tân Phú Đông', 197),
(2622, 'Xã Tân Quy Tây', 197),
(2623, 'Ia Kreng', 198),
(2624, 'Thị trấn Phú Hòa', 198),
(2625, 'Xã Chư Đăng Ya', 198),
(2626, 'Xã Chư Jôr', 198),
(2627, 'Xã Đăk Tơ Ver', 198),
(2628, 'Xã Hà Tây', 198),
(2629, 'Xã Hòa Phú', 198),
(2630, 'Xã Ia Ka', 198),
(2631, 'Xã Ia Khươl', 198),
(2632, 'Xã Ia Ly', 198),
(2633, 'Xã Ia Mơ Nông', 198),
(2634, 'Xã Ia Nhin', 198),
(2635, 'Xã Ia Phí', 198),
(2636, 'Xã Nghĩa Hòa', 198),
(2637, 'Xã Nghĩa Hưng', 198),
(2638, 'Thị trấn Chư Prông', 199),
(2639, 'Xã Bàu Cạn', 199),
(2640, 'Xã Bình Giáo', 199),
(2641, 'Xã Ia Bang', 199),
(2642, 'Xã Ia Băng', 199),
(2643, 'Xã Ia Boòng', 199),
(2644, 'Xã Ia Drăng', 199),
(2645, 'Xã Ia Ga', 199),
(2646, 'Xã Ia Kly', 199),
(2647, 'Xã Ia Lâu', 199),
(2648, 'Xã Ia Me', 199),
(2649, 'Xã Ia Mơ', 199),
(2650, 'Xã Ia O', 199),
(2651, 'Xã Ia Phìn', 199),
(2652, 'Xã Ia Pia', 199),
(2653, 'Xã Ia Piơr', 199),
(2654, 'Xã Ia Púch', 199),
(2655, 'Xã Ia Tôr', 199),
(2656, 'Xã Ia Vê', 199),
(2657, 'Xã Thăng Hưng', 199),
(2658, 'Chư Don', 200),
(2659, 'Ia Blứ', 200),
(2660, 'Ia Dreng', 200),
(2661, 'Ia Hla', 200),
(2662, 'Ia Hrú', 200),
(2663, 'Ia Le', 200),
(2664, 'Ia Rong', 200),
(2665, 'Nhơn Hòa', 200),
(2666, 'Thị Trấn Nhơn Hoà', 200),
(2667, 'Xã Ia Dreng', 200),
(2668, 'Xã Ia Hla', 200),
(2669, 'Xã Ia Hrú', 200),
(2670, 'Xã Ia Le', 200),
(2671, 'Xã Ia Phang', 200),
(2672, 'Bar Măih', 201),
(2673, 'Ia Pal', 201),
(2674, 'Kông Htok', 201),
(2675, 'Thị trấn Chư Sê', 201),
(2676, 'Xã AL Bá', 201),
(2677, 'Xã AYun', 201),
(2678, 'Xã Bờ Ngoong', 201),
(2679, 'Xã Chư Pơng', 201),
(2680, 'Xã Dun', 201),
(2681, 'Xã H Bông', 201),
(2682, 'Xã Ia Blang', 201),
(2683, 'Xã Ia Glai', 201),
(2684, 'Xã Ia HLốp', 201),
(2685, 'Xã Ia Ko', 201),
(2686, 'Xã Ia Tiêm', 201),
(2687, 'HNol', 202),
(2688, 'Thị trấn Đăk Đoa', 202),
(2689, 'Xã A Dơk', 202),
(2690, 'Xã Đăk Krong', 202),
(2691, 'Xã Đăk Sơmei', 202),
(2692, 'Xã Glar', 202),
(2693, 'Xã H\' Neng', 202),
(2694, 'Xã Hà Bầu', 202),
(2695, 'Xã Hà Đông', 202),
(2696, 'Xã Hải Yang', 202),
(2697, 'Xã Ia Băng', 202),
(2698, 'Xã Ia Pết', 202),
(2699, 'Xã K\' Dang', 202),
(2700, 'Xã Kon Gang', 202),
(2701, 'Xã Nam Yang', 202),
(2702, 'Xã Tân Bình', 202),
(2703, 'Xã Trang', 202),
(2704, 'Xã An Thành', 203),
(2705, 'Xã Cư An', 203),
(2706, 'Xã Đak Pơ', 203),
(2707, 'Xã Hà Tam', 203),
(2708, 'Xã Phú An', 203),
(2709, 'Xã Tân An', 203),
(2710, 'Xã Ya Hội', 203),
(2711, 'Xã Yang Bắc', 203),
(2712, 'Thị trấn Chư Ty', 204),
(2713, 'Xã Ia Din', 204),
(2714, 'Xã Ia Dơk', 204),
(2715, 'Xã Ia Dom', 204),
(2716, 'Xã Ia Kla', 204),
(2717, 'Xã Ia Krêl', 204),
(2718, 'Xã Ia Kriêng', 204),
(2719, 'Xã Ia Lang', 204),
(2720, 'Xã Ia Nan', 204),
(2721, 'Xã Ia Pnôn', 204),
(2722, 'Ia Grăng', 205),
(2723, 'Thị trấn Ia Kha', 205),
(2724, 'Xã Ia Bă', 205),
(2725, 'Xã Ia Chia', 205),
(2726, 'Xã Ia Dêr', 205),
(2727, 'Xã Ia Hrung', 205),
(2728, 'Xã Ia Khai', 205),
(2729, 'Xã Ia KRai', 205),
(2730, 'Xã Ia O', 205),
(2731, 'Xã Ia Pếch', 205),
(2732, 'Xã Ia Sao', 205),
(2733, 'Xã Ia Tô', 205),
(2734, 'Xã Ia Yok', 205),
(2735, 'Xã Chư Mố', 206),
(2736, 'Xã Chư Răng', 206),
(2737, 'Xã Ia Broăi', 206),
(2738, 'Xã Ia KDăm', 206),
(2739, 'Xã Ia Ma Rơn', 206),
(2740, 'Xã Ia Trok', 206),
(2741, 'Xã Ia Tul', 206),
(2742, 'Xã Kim Tân', 206),
(2743, 'Xã Pờ Tó', 206),
(2744, 'Thị trấn KBang', 207),
(2745, 'Xã Đăk HLơ', 207),
(2746, 'Xã Đăk Roong', 207),
(2747, 'Xã Đăk Smar', 207),
(2748, 'Xã Đông', 207),
(2749, 'Xã Kon Pne', 207),
(2750, 'Xã Kông Lơng Khơng', 207),
(2751, 'Xã Kông Pla', 207),
(2752, 'Xã KRong', 207),
(2753, 'Xã Lơ Ku', 207),
(2754, 'Xã Nghĩa An', 207),
(2755, 'Xã Sơ Pai', 207),
(2756, 'Xã Sơn Lang', 207),
(2757, 'Xã Tơ Tung', 207),
(2758, 'Thị trấn Kông Chro', 208),
(2759, 'Xã An Trung', 208),
(2760, 'Xã Chơ Long', 208),
(2761, 'Xã Chư Krêy', 208),
(2762, 'Xã Đăk Kơ Ning', 208),
(2763, 'Xã Đăk Pling', 208),
(2764, 'Xã Đăk Pơ Pho', 208),
(2765, 'Xã Đăk Song', 208),
(2766, 'Xã Đăk Tơ Pang', 208),
(2767, 'Xã Kông Yang', 208),
(2768, 'Xã SRó', 208),
(2769, 'Xã Ya Ma', 208),
(2770, 'Xã Yang Nam', 208),
(2771, 'Xã Yang Trung', 208),
(2772, 'Thị trấn Phú Túc', 209),
(2773, 'Xã Chư Drăng', 209),
(2774, 'Xã Chư Gu', 209),
(2775, 'Xã Chư Ngọc', 209),
(2776, 'Xã Chư RCăm', 209),
(2777, 'Xã Đất Bằng', 209),
(2778, 'Xã Ia HDreh', 209),
(2779, 'Xã Ia Mláh', 209),
(2780, 'Xã Ia RMok', 209),
(2781, 'Xã Ia RSai', 209),
(2782, 'Xã Ia RSươm', 209),
(2783, 'Xã Krông Năng', 209),
(2784, 'Xã Phú Cần', 209),
(2785, 'Xã Uar', 209),
(2786, 'Thị trấn Kon Dơng', 210),
(2787, 'Xã Ayun', 210),
(2788, 'Xã Đăk Djrăng', 210),
(2789, 'Xã Đăk Jơ Ta', 210),
(2790, 'Xã Đăk Trôi', 210),
(2791, 'Xã Đăk Yă', 210),
(2792, 'Xã ĐăkTaLey', 210),
(2793, 'Xã Đê Ar', 210),
(2794, 'Xã Hra', 210),
(2795, 'Xã Kon Chiêng', 210),
(2796, 'Xã Kon Thụp', 210),
(2797, 'Xã Lơ Pang', 210),
(2798, 'Thị trấn Phú Thiện', 211),
(2799, 'Xã Ayun Hạ', 211),
(2800, 'Xã Chrôh Pơnan', 211),
(2801, 'Xã Chư A Thai', 211),
(2802, 'Xã Ia Ake', 211),
(2803, 'Xã Ia Hiao', 211),
(2804, 'Xã Ia Ke', 211),
(2805, 'Xã Ia Peng', 211),
(2806, 'Xã Ia Piar', 211),
(2807, 'Xã Ia Sol', 211),
(2808, 'Xã Ia Yeng', 211),
(2809, 'Phường Chi Lăng', 212),
(2810, 'Phường Diên Hồng', 212),
(2811, 'Phường Đống Đa', 212),
(2812, 'Phường Hoa Lư', 212),
(2813, 'Phường Hội Phú', 212),
(2814, 'Phường Hội Thương', 212),
(2815, 'Phường Ia Kring', 212),
(2816, 'Phường Phù Đổng', 212),
(2817, 'Phường Tây Sơn', 212),
(2818, 'Phường Thắng Lợi', 212),
(2819, 'Phường Thống Nhất', 212),
(2820, 'Phường Trà Bá', 212),
(2821, 'Phường Yên Đỗ', 212),
(2822, 'Phường Yên Thế', 212),
(2823, 'Xã An Phú', 212),
(2824, 'Xã Biển Hồ', 212),
(2825, 'Xã Chư á', 212),
(2826, 'Xã Chư HDrông', 212),
(2827, 'Xã Diên Phú', 212),
(2828, 'Xã Gào', 212),
(2829, 'Xã Ia Kênh', 212),
(2830, 'Xã Tân Sơn', 212),
(2831, 'Xã Trà Đa', 212),
(2832, 'Phường An Bình', 213),
(2833, 'Phường An Phú', 213),
(2834, 'Phường An Phước', 213),
(2835, 'Phường An Tân', 213),
(2836, 'Phường Ngô Mây', 213),
(2837, 'Phường Tây Sơn', 213),
(2838, 'Xã Cửu An', 213),
(2839, 'Xã Song An', 213),
(2840, 'Xã Thành An', 213),
(2841, 'Xã Tú An', 213),
(2842, 'Xã Xuân An', 213),
(2843, 'Phường Cheo Reo', 214),
(2844, 'Phường Đoàn Kết', 214),
(2845, 'Phường Hoà Bình', 214),
(2846, 'Phường Sông Bờ', 214),
(2847, 'Xã Chư Băh', 214),
(2848, 'Xã Ia RTô', 214),
(2849, 'Xã la RBol', 214),
(2850, 'Xã la Sao', 214),
(2851, 'Phường Ba Ngòi', 215),
(2852, 'Xã Cam Bình', 215),
(2853, 'Xã Cam Lập', 215),
(2854, 'Phường Cam Linh', 215),
(2855, 'Phường Cam Lộc', 215),
(2856, 'Phường Cam Lợi', 215),
(2857, 'Phường Cam Nghĩa', 215),
(2858, 'Phường Cam Phú', 215),
(2859, 'Phường Cam Phúc Bắc', 215),
(2860, 'Phường Cam Phúc Nam', 215),
(2861, 'Xã Cam Phước Đông', 215),
(2862, 'Xã Cam Thành Nam', 215),
(2863, 'Xã Cam Thịnh Đông', 215),
(2864, 'Xã Cam Thịnh Tây', 215),
(2865, 'Phường Cam Thuận', 215),
(2866, 'Phường Lộc Thọ', 216),
(2867, 'Phường Ngọc Hiệp', 216),
(2868, 'Xã Phước Đồng', 216),
(2869, 'Phường Phước Hải', 216),
(2870, 'Phường Phước Hòa', 216),
(2871, 'Phường Phước Long', 216),
(2872, 'Phường Phước Tân', 216),
(2873, 'Phường Phước Tiến', 216),
(2874, 'Phường Phương Sài', 216),
(2875, 'Phường Phương Sơn', 216),
(2876, 'Phường Tân Lập', 216),
(2877, 'Phường Vạn Thắng', 216),
(2878, 'Phường Vạn Thạnh', 216),
(2879, 'Phường Vĩnh Hải', 216),
(2880, 'Xã Vĩnh Hiệp', 216),
(2881, 'Phường Vĩnh Hòa', 216),
(2882, 'Xã Vĩnh Lương', 216),
(2883, 'Xã Vĩnh Ngọc', 216),
(2884, 'Phường Vĩnh Nguyên', 216),
(2885, 'Phường Vĩnh Phước', 216),
(2886, 'Xã Vĩnh Phương', 216),
(2887, 'Xã Vĩnh Thái', 216),
(2888, 'Xã Vĩnh Thạnh', 216),
(2889, 'Phường Vĩnh Thọ', 216),
(2890, 'Xã Vĩnh Trung', 216),
(2891, 'Phường Vĩnh Trường', 216),
(2892, 'Phường Xương Huân', 216),
(2893, 'Phường Ninh Hiệp', 217),
(2894, 'Phường Ninh Giang', 217),
(2895, 'Phường Ninh Đa', 217),
(2896, 'Phường Ninh Hà', 217),
(2897, 'Phường Ninh Diêm', 217),
(2898, 'Phường Ninh Thủy', 217),
(2899, 'Phường Ninh Hải', 217),
(2900, 'Xã Ninh Sơn', 217),
(2901, 'Xã Ninh Thượng', 217),
(2902, 'Xã Ninh Tây', 217),
(2903, 'Xã Ninh Trung', 217),
(2904, 'Xã Ninh An', 217),
(2905, 'Xã Ninh Thọ', 217),
(2906, 'Xã Ninh Sim', 217),
(2907, 'Xã Ninh Xuân', 217),
(2908, 'Xã Ninh Thân', 217),
(2909, 'Xã Ninh Bình', 217),
(2910, 'Xã Ninh Quang', 217),
(2911, 'Xã Ninh Phú', 217),
(2912, 'Xã Ninh Phước', 217),
(2913, 'Xã Ninh Vân', 217),
(2914, 'Xã Ninh Ích', 217),
(2915, 'Xã Ninh Lộc', 217),
(2916, 'Xã Ninh Hưng', 217),
(2917, 'Xã Ninh Tân', 217),
(2918, 'Xã Ninh Đông', 217),
(2919, 'Xã Ninh Phụng', 217),
(2920, 'Xã Cam An Bắc', 218),
(2921, 'Xã Cam An Nam', 218),
(2922, 'Thị trấn Cam Đức', 218),
(2923, 'Xã Cam Hải Đông', 218),
(2924, 'Xã Cam Hải Tây', 218),
(2925, 'Xã Cam Hiệp Bắc', 218),
(2926, 'Xã Cam Hiệp Nam', 218),
(2927, 'Xã Cam Hòa', 218),
(2928, 'Xã Cam Phước Tây', 218),
(2929, 'Xã Cam Tân', 218),
(2930, 'Xã Cam Thành Bắc', 218),
(2931, 'Xã Sơn Tân', 218),
(2932, 'Xã Suối Cát', 218),
(2933, 'Xã Suối Tân', 218),
(2934, 'Thị trấn Trường Sa', 219),
(2935, 'Xã Song Tử Tây', 219),
(2936, 'Xã Sinh Tồn', 219),
(2937, 'Phường Diên An', 220),
(2938, 'Phường Diên Điền', 220),
(2939, 'Phường Diên Toàn', 220),
(2940, 'Phường Diên Phú', 220),
(2941, 'Phường Diên Phước', 220),
(2942, 'Phường Diên Lạc', 220),
(2943, 'Phường Diên Tâm', 220),
(2944, 'Phường Diên Thọ', 220),
(2945, 'Phường Diên Lộc', 220),
(2946, 'Phường Diên Hòa', 220),
(2947, 'Phường Diên Ngọc', 220),
(2948, 'Phường Diên Bình', 220),
(2949, 'Phường Diên Tân', 220),
(2950, 'Phường Diên Thạnh', 220),
(2951, 'Phường Diên Hưng', 220),
(2952, 'Phường Diên Minh', 220),
(2953, 'Xã Ba Cụm Bắc', 221),
(2954, 'Xã Ba Cụm Nam', 221),
(2955, 'Xã Sơn Bình', 221),
(2956, 'Xã Sơn Hiệp', 221),
(2957, 'Xã Sơn Lâm', 221),
(2958, 'Xã Sơn Trung', 221),
(2959, 'Xã Thành Sơn', 221),
(2960, 'Xã Tô Hạp', 221),
(2961, 'Xã Cầu Bà', 222),
(2962, 'Xã Giang Ly', 222),
(2963, 'Xã Khánh Bình', 222),
(2964, 'Xã Khánh Đông', 222),
(2965, 'Xã Khánh Hiệp', 222),
(2966, 'Xã Khánh Nam', 222),
(2967, 'Xã Khánh Phú', 222),
(2968, 'Xã Khánh Thành', 222),
(2969, 'Xã Khánh Thượng', 222),
(2970, 'Xã Khánh Trung', 222),
(2971, 'Xã Khánh Vĩnh', 222),
(2972, 'Xã Lương Sơn', 222),
(2973, 'Xã Sơn Thái', 222),
(2974, 'Phường Vạn Bình', 223),
(2975, 'Phường Vạn Giã', 223),
(2976, 'Phường Vạn Hưng', 223),
(2977, 'Phường Vạn Khánh', 223),
(2978, 'Phường Vạn Long', 223),
(2979, 'Phường Vạn Phú', 223),
(2980, 'Phường Vạn Phước', 223),
(2981, 'Phường Vạn Thạnh', 223),
(2982, 'Phường Vạn Thắng', 223),
(2983, 'Phường Vạn Thọ', 223),
(2984, 'Thị trấn Bình Mỹ', 224),
(2985, 'Xã An Đổ', 224),
(2986, 'Xã An Lão', 224),
(2987, 'Xã An Mỹ', 224),
(2988, 'Xã An Ninh', 224),
(2989, 'Xã An Nội', 224),
(2990, 'Xã Bình Nghĩa', 224),
(2991, 'Xã Bồ Đề', 224),
(2992, 'Xã Bối Cầu', 224),
(2993, 'Xã Đồn Xá', 224),
(2994, 'Xã Đồng Du', 224),
(2995, 'Xã Hưng Công', 224),
(2996, 'Xã La Sơn', 224),
(2997, 'Xã Mỹ Thọ', 224),
(2998, 'Xã Ngọc Lũ', 224),
(2999, 'Xã Tiêu Động', 224),
(3000, 'Xã Tràng An', 224),
(3001, 'Xã Trung Lương', 224),
(3002, 'Xã Vũ Bản', 224),
(3003, 'Ba Sao', 225),
(3004, 'Thị trấn Quế', 225),
(3005, 'Xã Đại Cương', 225),
(3006, 'Xã Đồng Hóa', 225),
(3007, 'Xã Hoàng Tây', 225),
(3008, 'Xã Khả Phong', 225),
(3009, 'Xã Lê Hồ', 225),
(3010, 'Xã Liên Sơn', 225),
(3011, 'Xã Ngọc Sơn', 225),
(3012, 'Xã Nguyễn úy', 225),
(3013, 'Xã Nhật Tân', 225),
(3014, 'Xã Nhật Tựu', 225),
(3015, 'Xã Tân Sơn', 225),
(3016, 'Xã Thanh Sơn', 225),
(3017, 'Xã Thi Sơn', 225),
(3018, 'Xã Thụy Lôi', 225),
(3019, 'Xã Tượng Lĩnh', 225),
(3020, 'Xã Văn Xá', 225),
(3021, 'Thị trấn Vĩnh Trụ', 226),
(3022, 'Xã Bắc Lý', 226),
(3023, 'Xã Chân Lý', 226),
(3024, 'Xã Chính Lý', 226),
(3025, 'Xã Công Lý', 226),
(3026, 'Xã Đạo Lý', 226),
(3027, 'Xã Đồng Lý', 226),
(3028, 'Xã Đức Lý', 226),
(3029, 'Xã Hòa Hậu', 226),
(3030, 'Xã Hợp Lý', 226),
(3031, 'Xã Nguyên Lý', 226),
(3032, 'Xã Nhân Bình', 226),
(3033, 'Xã Nhân Chính', 226),
(3034, 'Xã Nhân Khang', 226),
(3035, 'Xã Nhân Mỹ', 226),
(3036, 'Xã Nhân Nghĩa', 226),
(3037, 'Xã Nhân Thịnh', 226),
(3038, 'Xã Phú Phúc', 226),
(3039, 'Xã Tiến Thắng', 226),
(3040, 'Xã Trần Hưng Đạo', 226),
(3041, 'Xã Văn Lý', 226),
(3042, 'Xã Xuân Khê', 226),
(3043, 'Thị trấn Kiện Khê', 227),
(3044, 'Thị trấn Tân Thanh', 227),
(3045, 'Xã Liêm Cần', 227),
(3046, 'Xã Liêm Phong', 227),
(3047, 'Xã Liêm Sơn', 227),
(3048, 'Xã Liêm Thuận', 227),
(3049, 'Xã Liêm Túc', 227),
(3050, 'Xã Thanh Hà', 227),
(3051, 'Xã Thanh Hải', 227),
(3052, 'Xã Thanh Hương', 227),
(3053, 'Xã Thanh Nghị', 227),
(3054, 'Xã Thanh Nguyên', 227),
(3055, 'Xã Thanh Phong', 227),
(3056, 'Xã Thanh Tâm', 227),
(3057, 'Xã Thanh Tân', 227),
(3058, 'Xã Thanh Thủy', 227),
(3059, 'Phường Hai Bà Trưng', 228),
(3060, 'Phường Lê Hồng Phong', 228),
(3061, 'Phường Minh Khai', 228),
(3062, 'Phường Quang Trung', 228),
(3063, 'Phường Trần Hưng Đạo', 228),
(3064, 'Phường. Lương Khánh Thiện', 228),
(3065, 'Kim Bình', 228),
(3066, 'Thanh Tuyền', 228),
(3067, 'Tiên Hiệp', 228),
(3068, 'Xã Châu Sơn', 228),
(3069, 'Xã Đinh Xá', 228),
(3070, 'Xã Định Xá', 228),
(3071, 'Xã Kim Bình', 228),
(3072, 'Xã Lam Hạ', 228),
(3073, 'Xã Liêm Chính', 228),
(3074, 'Xã Liêm Chung', 228),
(3075, 'Xã Liêm Tiết', 228),
(3076, 'Xã Liêm Tuyền', 228),
(3077, 'Xã Phù Vân', 228),
(3078, 'Xã Thanh Châu', 228),
(3079, 'Xã Tiên Hải', 228),
(3080, 'Xã Tiên Tân', 228),
(3081, 'Xã Trịnh Xá', 228),
(3082, 'Phường Bạch Thượng', 229),
(3083, 'Phường Châu Giang', 229),
(3084, 'Phường Duy Minh', 229),
(3085, 'Phường Hòa Mạc', 229),
(3086, 'Thị trấn Đồng Văn', 229),
(3087, 'Xã Châu Sơn', 229),
(3088, 'Xã Chuyên Ngoại', 229),
(3089, 'Xã Đọi Sơn', 229),
(3090, 'Xã Duy Hải', 229),
(3091, 'Xã Hoàng Đông', 229),
(3092, 'Xã Mộc Bắc', 229),
(3093, 'Xã Mộc Nam', 229),
(3094, 'Xã Tiên Ngoại', 229),
(3095, 'Xã Tiên Nội', 229),
(3096, 'Xã Tiền Phong', 229),
(3097, 'Xã Tiên Sơn', 229),
(3098, 'Xã Trác Văn', 229),
(3099, 'Xã Yên Bắc', 229),
(3100, 'Xã Yên Nam', 229),
(3101, 'Phường Cống Vị', 230),
(3102, 'Phường Điện Biên', 230),
(3103, 'Phường Đội Cấn', 230),
(3104, 'Phường Giảng Võ', 230),
(3105, 'Phường Kim Mã', 230),
(3106, 'Phường Liễu Giai', 230),
(3107, 'Phường Ngọc Hà', 230),
(3108, 'Phường Ngọc Khánh', 230),
(3109, 'Phường Phúc Xá', 230),
(3110, 'Phường Quán Thánh', 230),
(3111, 'Phường Thành Công', 230),
(3112, 'Phường Trúc Bạch', 230),
(3113, 'Phường Vĩnh Phúc', 230),
(3114, 'Phường. Nguyễn Trung Trực', 230),
(3115, 'Phường Cổ Nhuế 1', 231),
(3116, 'Phường Cổ Nhuế 2', 231),
(3117, 'Phường Đông Ngạc', 231),
(3118, 'Phường Đức Thắng', 231),
(3119, 'Phường Liên Mạc', 231),
(3120, 'Phường Minh Khai', 231),
(3121, 'Phường Phú Diễn', 231),
(3122, 'Phường Phúc Diễn', 231),
(3123, 'Phường Tây Tựu', 231),
(3124, 'Phường Thượng Cát', 231),
(3125, 'Phường Thụy Phương', 231),
(3126, 'Phường Xuân Đỉnh', 231),
(3127, 'Phường Xuân Tảo', 231),
(3128, 'Phường Dịch Vọng', 232),
(3129, 'Phường Dịch Vọng Hậu', 232),
(3130, 'Phường Mai Dịch', 232),
(3131, 'Phường Nghĩa Đô', 232),
(3132, 'Phường Nghĩa Tân', 232),
(3133, 'Phường Quan Hoa', 232),
(3134, 'Phường Trung Hoà', 232),
(3135, 'Phường Yên Hoà', 232),
(3136, 'Phường Cát Linh', 233),
(3137, 'Phường Hàng Bột', 233),
(3138, 'Phường Khâm Thiên', 233),
(3139, 'Phường Khương Thượng', 233),
(3140, 'Phường Kim Liên', 233),
(3141, 'Phường Láng Hạ', 233),
(3142, 'Phường Láng Thượng', 233),
(3143, 'Phường Nam Đồng', 233),
(3144, 'Phường Ngã Tư Sở', 233),
(3145, 'Phường ô Chợ Dừa', 233),
(3146, 'Phường Phương Liên', 233),
(3147, 'Phường Phương Mai', 233),
(3148, 'Phường Quang Trung', 233),
(3149, 'Phường Quốc Tử Giám', 233),
(3150, 'Phường Thịnh Quang', 233),
(3151, 'Phường Thổ Quan', 233),
(3152, 'Phường Trung Liệt', 233),
(3153, 'Phường Trung Phụng', 233),
(3154, 'Phường Trung Tự', 233),
(3155, 'Phường Văn Chương', 233),
(3156, 'Phường Văn Miếu', 233),
(3157, 'Phường Hà Cầu', 234),
(3158, 'Phường La Khê', 234),
(3159, 'Phường Mộ Lao', 234),
(3160, 'Phường Nguyễn Trãi', 234),
(3161, 'Phường Phú La', 234),
(3162, 'Phường Phúc La', 234),
(3163, 'Phường Quang Trung', 234),
(3164, 'Phường Vạn Phúc', 234),
(3165, 'Phường Văn Quán', 234),
(3166, 'Phường Yên Nghĩa', 234),
(3167, 'Phường Yết Kiêu', 234),
(3168, 'Xã Biên Giang', 234),
(3169, 'Xã Đồng Mai', 234),
(3170, 'Xã Dương Nội', 234),
(3171, 'Xã Kiến Hưng', 234),
(3172, 'Xã Phú Lãm', 234),
(3173, 'Xã Phú Lương', 234),
(3174, 'Phường Bạch Đằng', 235),
(3175, 'Phường Bách Khoa', 235),
(3176, 'Phường Bạch Mai', 235),
(3177, 'Phường Bùi Thị Xuân', 235),
(3178, 'Phường Cầu Dền', 235),
(3179, 'Phường Đống Mác', 235),
(3180, 'Phường Đồng Nhân', 235),
(3181, 'Phường Đồng Tâm', 235),
(3182, 'Phường Lê Đại Hành', 235),
(3183, 'Phường Minh Khai', 235),
(3184, 'Phường Ngô Thì Nhậm', 235),
(3185, 'Phường Nguyễn Du', 235),
(3186, 'Phường Phạm Đình Hổ', 235),
(3187, 'Phường Phố Huế', 235),
(3188, 'Phường Quỳnh Lôi', 235),
(3189, 'Phường Quỳnh Mai', 235),
(3190, 'Phường Thanh Lương', 235),
(3191, 'Phường Thanh Nhàn', 235),
(3192, 'Phường Trương Định', 235),
(3193, 'Phường Vĩnh Tuy', 235),
(3194, 'Phường Chương Dương', 236),
(3195, 'Phường Cửa Đông', 236),
(3196, 'Phường Cửa Nam', 236),
(3197, 'Phường Đồng Xuân', 236),
(3198, 'Phường Hàng Bạc', 236),
(3199, 'Phường Hàng Bài', 236),
(3200, 'Phường Hàng Bồ', 236),
(3201, 'Phường Hàng Bông', 236),
(3202, 'Phường Hàng Buồm', 236),
(3203, 'Phường Hàng Đào', 236),
(3204, 'Phường Hàng Gai', 236),
(3205, 'Phường Hàng Mã', 236),
(3206, 'Phường Hàng Trống', 236),
(3207, 'Phường Lý Thái Tổ', 236),
(3208, 'Phường Phan Chu Trinh', 236),
(3209, 'Phường Phúc Tân', 236),
(3210, 'Phường Trần Hưng Đạo', 236),
(3211, 'Phường Tràng Tiền', 236),
(3212, 'Phường Đại Kim', 237),
(3213, 'Phường Định Công', 237),
(3214, 'Phường Giáp Bát', 237),
(3215, 'Phường Hoàng Liệt', 237),
(3216, 'Phường Hoàng Văn Thụ', 237),
(3217, 'Phường Lĩnh Nam', 237),
(3218, 'Phường Mai Động', 237),
(3219, 'Phường Tân Mai', 237),
(3220, 'Phường Thanh Trì', 237),
(3221, 'Phường Thịnh Liệt', 237),
(3222, 'Phường Trần Phú', 237),
(3223, 'Phường Tương Mai', 237),
(3224, 'Phường Vĩnh Hưng', 237),
(3225, 'Phường Yên Sở', 237),
(3226, 'Phường Bồ Đề', 238),
(3227, 'Phường Cự Khối', 238),
(3228, 'Phường Đức Giang', 238),
(3229, 'Phường Gia Thuỵ', 238),
(3230, 'Phường Giang Biên', 238),
(3231, 'Phường Long Biên', 238),
(3232, 'Phường Ngọc Lâm', 238),
(3233, 'Phường Ngọc Thuỵ', 238),
(3234, 'Phường Phúc Đồng', 238),
(3235, 'Phường Phúc Lợi', 238),
(3236, 'Phường Sài Đồng', 238),
(3237, 'Phường Thạch Bàn', 238),
(3238, 'Phường Thượng Thanh', 238),
(3239, 'Phường Việt Hưng', 238),
(3240, 'Phường Cầu Diễn', 239),
(3241, 'Phường Đại Mỗ', 239),
(3242, 'Phường Mễ Trì', 239),
(3243, 'Phường Mỹ Đình 1', 239),
(3244, 'Phường Mỹ Đình 2', 239),
(3245, 'Phường Phú Đô', 239),
(3246, 'Phường Tây Mỗ', 239),
(3247, 'Phường Trung Văn', 239),
(3248, 'Phường Xuân Phương', 239),
(3249, 'Phường. Phương Canh', 239),
(3250, 'Phường Bưởi', 240),
(3251, 'Phường Nhật Tân', 240),
(3252, 'Phường Phú Thượng', 240),
(3253, 'Phường Quảng An', 240),
(3254, 'Phường Thuỵ Khuê', 240),
(3255, 'Phường Tứ Liên', 240),
(3256, 'Phường Xuân La', 240),
(3257, 'Phường Yên Phụ', 240),
(3258, 'Phường Hạ Đình', 241),
(3259, 'Phường Khương Đình', 241),
(3260, 'Phường Khương Mai', 241),
(3261, 'Phường Khương Trung', 241),
(3262, 'Phường Kim Giang', 241),
(3263, 'Phường Nhân Chính', 241),
(3264, 'Phường Phương Liệt', 241),
(3265, 'Phường Thanh Xuân Bắc', 241),
(3266, 'Phường Thanh Xuân Nam', 241),
(3267, 'Phường Thanh Xuân Trung', 241),
(3268, 'Phường Thượng Đình', 241),
(3269, 'Thị trấn Tây Đằng', 242),
(3270, 'Xã Ba Trại', 242),
(3271, 'Xã Ba Vì', 242),
(3272, 'Xã Cẩm Lĩnh', 242),
(3273, 'Xã Cam Thượng', 242),
(3274, 'Xã Châu Sơn', 242),
(3275, 'Xã Chu Minh', 242),
(3276, 'Xã Cổ Đô', 242),
(3277, 'Xã Đông Quang', 242),
(3278, 'Xã Đồng Thái', 242),
(3279, 'Xã Khánh Thượng', 242),
(3280, 'Xã Minh Châu', 242),
(3281, 'Xã Minh Quang', 242),
(3282, 'Xã Phong Vân', 242),
(3283, 'Xã Phú Châu', 242),
(3284, 'Xã Phú Cường', 242),
(3285, 'Xã Phú Đông', 242),
(3286, 'Xã Phú Phương', 242),
(3287, 'Xã Phú Sơn', 242),
(3288, 'Xã Sơn Đà', 242),
(3289, 'Xã Tản Hồng', 242),
(3290, 'Xã Tản Lĩnh', 242),
(3291, 'Xã Thái Hòa', 242),
(3292, 'Xã Thuần Mỹ', 242),
(3293, 'Xã Thụy An', 242),
(3294, 'Xã Tiên Phong', 242),
(3295, 'Xã Tòng Bạt', 242),
(3296, 'Xã Vân Hòa', 242),
(3297, 'Xã Vạn Thắng', 242),
(3298, 'Xã Vật Lại', 242),
(3299, 'Xã Yên Bài', 242),
(3300, 'Thị trấn Chúc Sơn', 243),
(3301, 'Thị trấn Xuân Mai', 243),
(3302, 'Xã Đại Yên', 243),
(3303, 'Xã Đồng Lạc', 243),
(3304, 'Xã Đồng Phú', 243),
(3305, 'Xã Đông Phương Yên', 243),
(3306, 'Xã Đông Sơn', 243),
(3307, 'Xã Hòa Chính', 243),
(3308, 'Xã Hoàng Diệu', 243),
(3309, 'Xã Hoàng Văn Thụ', 243),
(3310, 'Xã Hồng Phong', 243),
(3311, 'Xã Hợp Đồng', 243),
(3312, 'Xã Hữu Văn', 243),
(3313, 'Xã Lam Điền', 243),
(3314, 'Xã Mỹ Lương', 243),
(3315, 'Xã Nam Phương Tiến', 243),
(3316, 'Xã Ngọc Hòa', 243),
(3317, 'Xã Phú Nam An', 243),
(3318, 'Xã Phú Nghĩa', 243),
(3319, 'Xã Phụng Châu', 243),
(3320, 'Xã Quảng Bị', 243),
(3321, 'Xã Tân Tiến', 243),
(3322, 'Xã Thanh Bình', 243),
(3323, 'Xã Thượng Vực', 243),
(3324, 'Xã Thụy Hương', 243),
(3325, 'Xã Thủy Xuân Tiên', 243),
(3326, 'Xã Tiên Phương', 243),
(3327, 'Xã Tốt Động', 243),
(3328, 'Xã Trần Phú', 243),
(3329, 'Xã Trung Hòa', 243),
(3330, 'Xã Trường Yên', 243),
(3331, 'Xã Văn Võ', 243),
(3332, 'Thị trấn Phùng', 244),
(3333, 'Xã Đan Phượng', 244),
(3334, 'Xã Đồng Tháp', 244),
(3335, 'Xã Hạ Mỗ', 244),
(3336, 'Xã Hồng Hà', 244),
(3337, 'Xã Liên Hà', 244),
(3338, 'Xã Liên Hồng', 244),
(3339, 'Xã Liên Trung', 244),
(3340, 'Xã Phương Đình', 244),
(3341, 'Xã Song Phượng', 244),
(3342, 'Xã Tân Hội', 244),
(3343, 'Xã Tân Lập', 244),
(3344, 'Xã Thọ An', 244),
(3345, 'Xã Thọ Xuân', 244),
(3346, 'Xã Thượng Mỗ', 244),
(3347, 'Xã Trung Châu', 244),
(3348, 'Thị trấn Đông Anh', 245),
(3349, 'Xã Bắc Hồng', 245),
(3350, 'Xã Cổ Loa', 245),
(3351, 'Xã Đại Mạch', 245),
(3352, 'Xã Đông Hội', 245),
(3353, 'Xã Dục Tú', 245),
(3354, 'Xã Hải Bối', 245),
(3355, 'Xã Kim Chung', 245),
(3356, 'Xã Kim Nỗ', 245),
(3357, 'Xã Liên Hà', 245),
(3358, 'Xã Mai Lâm', 245),
(3359, 'Xã Nam Hồng', 245),
(3360, 'Xã Nguyên Khê', 245),
(3361, 'Xã Tàm Xá', 245),
(3362, 'Xã Tầm Xá', 245),
(3363, 'Xã Thuỵ Lâm', 245),
(3364, 'Xã Tiên Dương', 245),
(3365, 'Xã Uy Nỗ', 245),
(3366, 'Xã Vân Hà', 245),
(3367, 'Xã Vân Nội', 245),
(3368, 'Xã Việt Hùng', 245),
(3369, 'Xã Vĩnh Ngọc', 245),
(3370, 'Xã Võng La', 245),
(3371, 'Xã Xuân Canh', 245),
(3372, 'Xã Xuân Nộn', 245),
(3373, 'Thị Trấn Trâu Quỳ', 246),
(3374, 'Thị trấn Yên Viên', 246),
(3375, 'Xã Bát Tràng', 246),
(3376, 'Xã Cổ Bi', 246),
(3377, 'Xã Đa Tốn', 246),
(3378, 'Xã Đặng Xá', 246),
(3379, 'Xã Đình Xuyên', 246),
(3380, 'Xã Đông Dư', 246),
(3381, 'Xã Dương Hà', 246),
(3382, 'Xã Dương Quang', 246),
(3383, 'Xã Dương Xá', 246),
(3384, 'Xã Kiêu Kỵ', 246),
(3385, 'Xã Kim Lan', 246),
(3386, 'Xã Kim Sơn', 246),
(3387, 'Xã Lệ Chi', 246),
(3388, 'Xã Ninh Hiệp', 246),
(3389, 'Xã Phù Đổng', 246),
(3390, 'Xã Phú Thị', 246),
(3391, 'Xã Trung Mầu', 246),
(3392, 'Xã Văn Đức', 246),
(3393, 'Xã Yên Thường', 246),
(3394, 'Xã Yên Viên', 246),
(3395, 'Thị trấn Trạm Trôi', 247),
(3396, 'Xã An Khánh', 247),
(3397, 'Xã An Thượng', 247),
(3398, 'Xã Cát Quế', 247),
(3399, 'Xã Đắc Sở', 247),
(3400, 'Xã Di Trạch', 247),
(3401, 'Xã Đông La', 247),
(3402, 'Xã Đức Giang', 247),
(3403, 'Xã Đức Thượng', 247),
(3404, 'Xã Dương Liễu', 247),
(3405, 'Xã Kim Chung', 247),
(3406, 'Xã La Phù', 247),
(3407, 'Xã Lại Yên', 247),
(3408, 'Xã Minh Khai', 247),
(3409, 'Xã Sơn Đồng', 247),
(3410, 'Xã Song Phương', 247),
(3411, 'Xã Tiền Yên', 247),
(3412, 'Xã Vân Canh', 247),
(3413, 'Xã Vân Côn', 247),
(3414, 'Xã Yên Sở', 247),
(3415, 'Thị trấn Chi Đông', 248),
(3416, 'Thị trấn Quang Minh', 248),
(3417, 'Xã Chu Phan', 248),
(3418, 'Xã Đại Thịnh', 248),
(3419, 'Xã Hoàng Kim', 248),
(3420, 'Xã Kim Hoa', 248),
(3421, 'Xã Liên Mạc', 248),
(3422, 'Xã Mê Linh', 248),
(3423, 'Xã Tam Đồng', 248),
(3424, 'Xã Thạch Đà', 248),
(3425, 'Xã Thanh Lâm', 248),
(3426, 'Xã Tiền Phong', 248),
(3427, 'Xã Tiến Thắng', 248),
(3428, 'Xã Tiến Thịnh', 248),
(3429, 'Xã Tráng Việt', 248),
(3430, 'Xã Tự Lập', 248),
(3431, 'Xã Văn Khê', 248),
(3432, 'Xã Vạn Yên', 248),
(3433, 'Thị trấn Đại Nghĩa', 249),
(3434, 'Xã An Mỹ', 249),
(3435, 'Xã An Phú', 249),
(3436, 'Xã An Tiến', 249),
(3437, 'Xã Bột Xuyên', 249),
(3438, 'Xã Đại Hưng', 249),
(3439, 'Xã Đốc Tín', 249),
(3440, 'Xã Đồng Tâm', 249),
(3441, 'Xã Hồng Sơn', 249),
(3442, 'Xã Hợp Thanh', 249),
(3443, 'Xã Hợp Tiến', 249),
(3444, 'Xã Hùng Tiến', 249),
(3445, 'Xã Hương Sơn', 249),
(3446, 'Xã Lê Thanh', 249),
(3447, 'Xã Mỹ Thành', 249),
(3448, 'Xã Phù Lưu Tế', 249),
(3449, 'Xã Phúc Lâm', 249),
(3450, 'Xã Phùng Xá', 249),
(3451, 'Xã Thượng Lâm', 249),
(3452, 'Xã Tuy Lai', 249),
(3453, 'Xã Vạn Kim', 249),
(3454, 'Xã Xuy Xá', 249),
(3455, 'Thị trấn Phú Minh', 250),
(3456, 'Thị trấn Phú Xuyên', 250),
(3457, 'Xã Bạch Hạ', 250),
(3458, 'Xã Châu Can', 250),
(3459, 'Xã Chuyên Mỹ', 250),
(3460, 'Xã Đại Thắng', 250),
(3461, 'Xã Đại Xuyên', 250),
(3462, 'Xã Hoàng Long', 250),
(3463, 'Xã Hồng Minh', 250),
(3464, 'Xã Hồng Thái', 250),
(3465, 'Xã Khai Thái', 250),
(3466, 'Xã Minh Tân', 250),
(3467, 'Xã Nam Phong', 250),
(3468, 'Xã Nam Tiến', 250),
(3469, 'Xã Nam Triều', 250),
(3470, 'Xã Phú Túc', 250),
(3471, 'Xã Phú Yên', 250),
(3472, 'Xã Phúc Tiến', 250),
(3473, 'Xã Phượng Dực', 250),
(3474, 'Xã Quang Lãng', 250),
(3475, 'Xã Quang Trung', 250),
(3476, 'Xã Sơn Hà', 250),
(3477, 'Xã Tân Dân', 250),
(3478, 'Xã Tri Thủy', 250),
(3479, 'Xã Tri Trung', 250),
(3480, 'Xã Văn Hoàng', 250),
(3481, 'Xã Vân Từ', 250),
(3482, 'Thị trấn Phúc Thọ', 251),
(3483, 'Xã Hát Môn', 251),
(3484, 'Xã Hiệp Thuận', 251),
(3485, 'Xã Liên Hiệp', 251),
(3486, 'Xã Long Xuyên', 251),
(3487, 'Xã Ngọc Tảo', 251),
(3488, 'Xã Phúc Hòa', 251),
(3489, 'Xã Phụng Thượng', 251),
(3490, 'Xã Phương Độ', 251),
(3491, 'Xã Sen Chiểu', 251),
(3492, 'Xã Sen Phương', 251),
(3493, 'Xã Tam Hiệp', 251),
(3494, 'Xã Tam Thuấn', 251),
(3495, 'Xã Thanh Đa', 251),
(3496, 'Xã Thọ Lộc', 251),
(3497, 'Xã Thượng Cốc', 251),
(3498, 'Xã Tích Giang', 251),
(3499, 'Xã Trạch Mỹ Lộc', 251),
(3500, 'Xã Vân Hà', 251),
(3501, 'Xã Vân Nam', 251),
(3502, 'Xã Vân Phúc', 251),
(3503, 'Xã Võng Xuyên', 251),
(3504, 'Xã Xuân Đình', 251),
(3505, 'Thị trấn Quốc Oai', 252),
(3506, 'Xã Cấn Hữu', 252),
(3507, 'Xã Cộng Hòa', 252),
(3508, 'Xã Đại Thành', 252),
(3509, 'Xã Đồng Quang', 252),
(3510, 'Xã Đông Xuân', 252),
(3511, 'Xã Đông Yên', 252),
(3512, 'Xã Hòa Thạch', 252),
(3513, 'Xã Liệp Tuyết', 252),
(3514, 'Xã Nghĩa Hương', 252),
(3515, 'Xã Ngọc Liệp', 252),
(3516, 'Xã Ngọc Mỹ', 252),
(3517, 'Xã Phú Cát', 252),
(3518, 'Xã Phú Mãn', 252),
(3519, 'Xã Phượng Cách', 252),
(3520, 'Xã Sài Sơn', 252),
(3521, 'Xã Tân Hòa', 252),
(3522, 'Xã Tân Phú', 252),
(3523, 'Xã Thạch Thán', 252),
(3524, 'Xã Tuyết Nghĩa', 252),
(3525, 'Xã Yên Sơn', 252),
(3526, 'Thị trấn Sóc Sơn', 253),
(3527, 'Xã Bắc Phú', 253),
(3528, 'Xã Bắc Sơn', 253),
(3529, 'Xã Đông Xuân', 253),
(3530, 'Xã Đức Hoà', 253),
(3531, 'Xã Hiền Ninh', 253),
(3532, 'Xã Hồng Kỳ', 253),
(3533, 'Xã Kim Lũ', 253),
(3534, 'Xã Mai Đình', 253),
(3535, 'Xã Minh Phú', 253),
(3536, 'Xã Minh Trí', 253),
(3537, 'Xã Nam Sơn', 253),
(3538, 'Xã Phú Cường', 253),
(3539, 'Xã Phù Linh', 253),
(3540, 'Xã Phù Lỗ', 253),
(3541, 'Xã Phú Minh', 253),
(3542, 'Xã Quang Tiến', 253),
(3543, 'Xã Tân Dân', 253),
(3544, 'Xã Tân Hưng', 253),
(3545, 'Xã Tân Minh', 253),
(3546, 'Xã Thanh Xuân', 253),
(3547, 'Xã Tiên Dược', 253),
(3548, 'Xã Trung Giã', 253),
(3549, 'Xã Việt Long', 253),
(3550, 'Xã Xuân Giang', 253),
(3551, 'Xã Xuân Thu', 253),
(3552, 'Thị trấn Liên Quan', 254),
(3553, 'Xã Bình Phú', 254),
(3554, 'Xã Bình Yên', 254),
(3555, 'Xã Cẩm Yên', 254),
(3556, 'Xã Cần Kiệm', 254),
(3557, 'Xã Canh Nậu', 254),
(3558, 'Xã Chàng Sơn', 254),
(3559, 'Xã Đại Đồng', 254),
(3560, 'Xã Dị Nậu', 254),
(3561, 'Xã Đồng Trúc', 254),
(3562, 'Xã Hạ Bằng', 254),
(3563, 'Xã Hương Ngải', 254),
(3564, 'Xã Hữu Bằng', 254),
(3565, 'Xã Kim Quan', 254),
(3566, 'Xã Lại Thượng', 254),
(3567, 'Xã Phú Kim', 254),
(3568, 'Xã Phùng Xá', 254),
(3569, 'Xã Tân Xã', 254),
(3570, 'Xã Thạch Hoà', 254),
(3571, 'Xã Thạch Xá', 254),
(3572, 'Xã Tiến Xuân', 254),
(3573, 'Xã Yên Bình', 254),
(3574, 'Xã Yên Trung', 254),
(3575, 'Thị trấn Kim Bài', 255),
(3576, 'Xã Bích Hòa', 255),
(3577, 'Xã Bình Minh', 255),
(3578, 'Xã Cao Dương', 255),
(3579, 'Xã Cao Viên', 255),
(3580, 'Xã Cự Khê', 255),
(3581, 'Xã Dân Hòa', 255),
(3582, 'Xã Đỗ Động', 255),
(3583, 'Xã Hồng Dương', 255),
(3584, 'Xã Kim An', 255),
(3585, 'Xã Kim Thư', 255),
(3586, 'Xã Liên Châu', 255),
(3587, 'Xã Mỹ Hưng', 255),
(3588, 'Xã Phương Trung', 255),
(3589, 'Xã Tam Hưng', 255),
(3590, 'Xã Tân Ước', 255),
(3591, 'Xã Thanh Cao', 255),
(3592, 'Xã Thanh Mai', 255),
(3593, 'Xã Thanh Thùy', 255),
(3594, 'Xã Thanh Văn', 255),
(3595, 'Xã Xuân Dương', 255),
(3596, 'Thị trấn Văn Điển', 256),
(3597, 'Xã Đại áng', 256),
(3598, 'Xã Đông Mỹ', 256),
(3599, 'Xã Duyên Hà', 256),
(3600, 'Xã Hữu Hoà', 256),
(3601, 'Xã Liên Ninh', 256),
(3602, 'Xã Ngọc Hồi', 256),
(3603, 'Xã Ngũ Hiệp', 256),
(3604, 'Xã Tả Thanh Oai', 256),
(3605, 'Xã Tam Hiệp', 256),
(3606, 'Xã Tân Triều', 256),
(3607, 'Xã Thanh Liệt', 256),
(3608, 'Xã Tứ Hiệp', 256),
(3609, 'Xã Vạn Phúc', 256),
(3610, 'Xã Vĩnh Quỳnh', 256),
(3611, 'Xã Yên Mỹ', 256),
(3612, 'Thị trấn Thường Tín', 257),
(3613, 'Xã Chương Dương', 257),
(3614, 'Xã Dũng Tiến', 257),
(3615, 'Xã Duyên Thái', 257),
(3616, 'Xã Hà Hồi', 257),
(3617, 'Xã Hiền Giang', 257),
(3618, 'Xã Hòa Bình', 257),
(3619, 'Xã Hồng Vân', 257),
(3620, 'Xã Khánh Hà', 257),
(3621, 'Xã Lê Lợi', 257),
(3622, 'Xã Liên Phương', 257),
(3623, 'Xã Minh Cường', 257),
(3624, 'Xã Nghiêm Xuyên', 257),
(3625, 'Xã Nguyễn Trãi', 257),
(3626, 'Xã Nhị Khê', 257),
(3627, 'Xã Ninh Sở', 257),
(3628, 'Xã Quất Động', 257),
(3629, 'Xã Tân Minh', 257),
(3630, 'Xã Thắng Lợi', 257),
(3631, 'Xã Thống Nhất', 257),
(3632, 'Xã Thư Phú', 257),
(3633, 'Xã Tiền Phong', 257),
(3634, 'Xã Tô Hiệu', 257),
(3635, 'Xã Tự Nhiên', 257),
(3636, 'Xã Văn Bình', 257),
(3637, 'Xã Vạn Điểm', 257),
(3638, 'Xã Văn Phú', 257),
(3639, 'Xã Vân Tảo', 257),
(3640, 'Xã Văn Tự', 257),
(3641, 'Thị trấn Vân Đình', 258),
(3642, 'Xã Cao Thành', 258),
(3643, 'Xã Đại Cường', 258),
(3644, 'Xã Đại Hùng', 258),
(3645, 'Xã Đội Bình', 258),
(3646, 'Xã Đông Lỗ', 258),
(3647, 'Xã Đồng Tân', 258),
(3648, 'Xã Đồng Tiến', 258),
(3649, 'Xã Hòa Lâm', 258),
(3650, 'Xã Hòa Nam', 258),
(3651, 'Xã Hòa Phú', 258),
(3652, 'Xã Hoa Sơn', 258),
(3653, 'Xã Hòa Xá', 258),
(3654, 'Xã Hồng Quang', 258),
(3655, 'Xã Kim Đường', 258),
(3656, 'Xã Liên Bạt', 258),
(3657, 'Xã Lưu Hoàng', 258),
(3658, 'Xã Minh Đức', 258),
(3659, 'Xã Phù Lưu', 258),
(3660, 'Xã Phương Tú', 258),
(3661, 'Xã Quảng Phú Cầu', 258),
(3662, 'Xã Sơn Công', 258),
(3663, 'Xã Tảo Dương Văn', 258),
(3664, 'Xã Trầm Lộng', 258),
(3665, 'Xã Trung Tú', 258),
(3666, 'Xã Trường Thịnh', 258),
(3667, 'Xã Vạn Thái', 258),
(3668, 'Xã Viên An', 258),
(3669, 'Xã Viên Nội', 258),
(3670, 'Phường Lê Lợi', 259),
(3671, 'Phường Ngô Quyền', 259),
(3672, 'Phường Phú Thịnh', 259),
(3673, 'Phường Quang Trung', 259),
(3674, 'Phường Sơn Lộc', 259),
(3675, 'Phường Trung Hưng', 259),
(3676, 'Phường Trung Sơn Trầm', 259),
(3677, 'Phường Viên Sơn', 259),
(3678, 'Phường Xuân Khanh', 259),
(3679, 'Xã Cổ Đông', 259),
(3680, 'Xã Đường Lâm', 259),
(3681, 'Xã Kim Sơn', 259),
(3682, 'Xã Sơn Đông', 259),
(3683, 'Xã Thanh Mỹ', 259),
(3684, 'Xã Xuân Sơn', 259),
(3685, 'Phường An Khánh', 260),
(3686, 'Phường An Lợi Đông', 260),
(3687, 'Phường An Phú', 260),
(3688, 'Phường Bình Chiểu', 260),
(3689, 'Phường Bình Thọ', 260),
(3690, 'Phường Bình Trưng Đông', 260),
(3691, 'Phường Bình Trưng Tây', 260),
(3692, 'Phường Cát Lái', 260),
(3693, 'Phường Hiệp Bình Chánh', 260),
(3694, 'Phường Hiệp Bình Phước', 260),
(3695, 'Phường Hiệp Phú', 260),
(3696, 'Phường Linh Chiểu', 260),
(3697, 'Phường Linh Đông', 260),
(3698, 'Phường Linh Tây', 260),
(3699, 'Phường Linh Trung', 260),
(3700, 'Phường Linh Xuân', 260),
(3701, 'Phường Long Bình', 260),
(3702, 'Phường Long Phước', 260),
(3703, 'Phường Long Thạnh Mỹ', 260),
(3704, 'Phường Long Trường', 260),
(3705, 'Phường Phú Hữu', 260),
(3706, 'Phường Phước Bình', 260),
(3707, 'Phường Phước Long A', 260),
(3708, 'Phường Phước Long B', 260),
(3709, 'Phường Tam Bình', 260),
(3710, 'Phường Tam Phú', 260),
(3711, 'Phường Tân Phú', 260),
(3712, 'Phường Tăng Nhơn Phú A', 260),
(3713, 'Phường Tăng Nhơn Phú B', 260),
(3714, 'Phường Thạnh Mỹ Lợi', 260),
(3715, 'Phường Thảo Điền', 260),
(3716, 'Phường Thủ Thiêm', 260),
(3717, 'Phường Trường Thạnh', 260),
(3718, 'Phường Trường Thọ', 260),
(3719, 'Phường Bến Nghé', 261),
(3720, 'Phường Bến Thành', 261),
(3721, 'Phường Cầu Kho', 261),
(3722, 'Phường Cầu Ông Lãnh', 261),
(3723, 'Phường Cô Giang', 261),
(3724, 'Phường Đa Kao', 261),
(3725, 'Phường Nguyễn Cư Trinh', 261),
(3726, 'Phường Nguyễn Thái Bình', 261),
(3727, 'Phường Phạm Ngũ Lão', 261),
(3728, 'Phường Tân Định', 261),
(3729, 'Phường 01', 262),
(3730, 'Phường 02', 262),
(3731, 'Phường 03', 262),
(3732, 'Phường 04', 262),
(3733, 'Phường 05', 262),
(3734, 'Phường 09', 262),
(3735, 'Phường 10', 262),
(3736, 'Phường 11', 262),
(3737, 'Phường 12', 262),
(3738, 'Phường 13', 262),
(3739, 'Phường 14', 262);
INSERT INTO `wards` (`code`, `full_name`, `district_code`) VALUES
(3740, 'Phường Võ Thị Sáu', 262),
(3741, 'Phường 01', 263),
(3742, 'Phường 02', 263),
(3743, 'Phường 03', 263),
(3744, 'Phường 04', 263),
(3745, 'Phường 06', 263),
(3746, 'Phường 08', 263),
(3747, 'Phường 09', 263),
(3748, 'Phường 10', 263),
(3749, 'Phường 13', 263),
(3750, 'Phường 14', 263),
(3751, 'Phường 15', 263),
(3752, 'Phường 16', 263),
(3753, 'Phường 18', 263),
(3754, 'Phường 01', 264),
(3755, 'Phường 02', 264),
(3756, 'Phường 03', 264),
(3757, 'Phường 04', 264),
(3758, 'Phường 05', 264),
(3759, 'Phường 06', 264),
(3760, 'Phường 07', 264),
(3761, 'Phường 08', 264),
(3762, 'Phường 09', 264),
(3763, 'Phường 10', 264),
(3764, 'Phường 11', 264),
(3765, 'Phường 12', 264),
(3766, 'Phường 13', 264),
(3767, 'Phường 14', 264),
(3768, 'Phường 01', 265),
(3769, 'Phường 02', 265),
(3770, 'Phường 03', 265),
(3771, 'Phường 04', 265),
(3772, 'Phường 05', 265),
(3773, 'Phường 06', 265),
(3774, 'Phường 07', 265),
(3775, 'Phường 08', 265),
(3776, 'Phường 09', 265),
(3777, 'Phường 10', 265),
(3778, 'Phường 11', 265),
(3779, 'Phường 12', 265),
(3780, 'Phường 13', 265),
(3781, 'Phường 14', 265),
(3782, 'Phường Bình Thuận', 266),
(3783, 'Phường Phú Mỹ', 266),
(3784, 'Phường Phú Thuận', 266),
(3785, 'Phường Tân Hưng', 266),
(3786, 'Phường Tân Kiểng', 266),
(3787, 'Phường Tân Phong', 266),
(3788, 'Phường Tân Phú', 266),
(3789, 'Phường Tân Quy', 266),
(3790, 'Phường Tân Thuận Đông', 266),
(3791, 'Phường Tân Thuận Tây', 266),
(3792, 'Phường 1', 267),
(3793, 'Phường 2', 267),
(3794, 'Phường 3', 267),
(3795, 'Phường 4', 267),
(3796, 'Phường 5', 267),
(3797, 'Phường 6', 267),
(3798, 'Phường 7', 267),
(3799, 'Phường 8', 267),
(3800, 'Phường 9', 267),
(3801, 'Phường 10', 267),
(3802, 'Phường 11', 267),
(3803, 'Phường 12', 267),
(3804, 'Phường 13', 267),
(3805, 'Phường 14', 267),
(3806, 'Phường 15', 267),
(3807, 'Phường 16', 267),
(3808, 'Phường 01', 268),
(3809, 'Phường 02', 268),
(3810, 'Phường 04', 268),
(3811, 'Phường 05', 268),
(3812, 'Phường 06', 268),
(3813, 'Phường 07', 268),
(3814, 'Phường 08', 268),
(3815, 'Phường 09', 268),
(3816, 'Phường 10', 268),
(3817, 'Phường 11', 268),
(3818, 'Phường 12', 268),
(3819, 'Phường 13', 268),
(3820, 'Phường 14', 268),
(3821, 'Phường 15', 268),
(3822, 'Phường 1', 269),
(3823, 'Phường 2', 269),
(3824, 'Phường 3', 269),
(3825, 'Phường 4', 269),
(3826, 'Phường 5', 269),
(3827, 'Phường 6', 269),
(3828, 'Phường 7', 269),
(3829, 'Phường 8', 269),
(3830, 'Phường 9', 269),
(3831, 'Phường 10', 269),
(3832, 'Phường 11', 269),
(3833, 'Phường 12', 269),
(3834, 'Phường 13', 269),
(3835, 'Phường 14', 269),
(3836, 'Phường 15', 269),
(3837, 'Phường 16', 269),
(3838, 'Phường An Phú Đông', 270),
(3839, 'Phường Đông Hưng Thuận', 270),
(3840, 'phường Hiệp Thành', 270),
(3841, 'phường Tân Chánh Hiệp', 270),
(3842, 'Phường Tân Hưng Thuận', 270),
(3843, 'Phường Tân Thới Hiệp', 270),
(3844, 'Phường Tân Thới Nhất', 270),
(3845, 'Phường Thạnh Lộc', 270),
(3846, 'Phường Thạnh Xuân', 270),
(3847, 'Phường Thới An', 270),
(3848, 'Phường Trung Mỹ Tây', 270),
(3849, 'Phường An Lạc', 271),
(3850, 'Phường An Lạc A', 271),
(3851, 'Phường Bình Hưng Hòa', 271),
(3852, 'Phường Bình Hưng Hòa A', 271),
(3853, 'Phường Bình Hưng Hòa B', 271),
(3854, 'Phường Bình Trị Đông', 271),
(3855, 'Phường Bình Trị Đông A', 271),
(3856, 'Phường Bình Trị Đông B', 271),
(3857, 'Phường Tân Tạo', 271),
(3858, 'Phường Tân Tạo A', 271),
(3859, 'Phường 1', 272),
(3860, 'Phường 2', 272),
(3861, 'Phường 3', 272),
(3862, 'Phường 5', 272),
(3863, 'Phường 6', 272),
(3864, 'Phường 7', 272),
(3865, 'Phường 11', 272),
(3866, 'Phường 12', 272),
(3867, 'Phường 13', 272),
(3868, 'Phường 14', 272),
(3869, 'Phường 15', 272),
(3870, 'Phường 17', 272),
(3871, 'Phường 19', 272),
(3872, 'Phường 21', 272),
(3873, 'Phường 22', 272),
(3874, 'Phường 24', 272),
(3875, 'Phường 25', 272),
(3876, 'Phường 26', 272),
(3877, 'Phường 27', 272),
(3878, 'Phường 28', 272),
(3879, 'Phường 1', 273),
(3880, 'Phường 3', 273),
(3881, 'Phường 4', 273),
(3882, 'Phường 5', 273),
(3883, 'Phường 6', 273),
(3884, 'Phường 7', 273),
(3885, 'Phường 8', 273),
(3886, 'Phường 9', 273),
(3887, 'Phường 10', 273),
(3888, 'Phường 11', 273),
(3889, 'Phường 12', 273),
(3890, 'Phường 13', 273),
(3891, 'Phường 14', 273),
(3892, 'Phường 15', 273),
(3893, 'Phường 16', 273),
(3894, 'Phường 17', 273),
(3895, 'Phường 01', 274),
(3896, 'Phường 02', 274),
(3897, 'Phường 03', 274),
(3898, 'Phường 04', 274),
(3899, 'Phường 05', 274),
(3900, 'Phường 07', 274),
(3901, 'Phường 08', 274),
(3902, 'Phường 09', 274),
(3903, 'Phường 10', 274),
(3904, 'Phường 11', 274),
(3905, 'Phường 13', 274),
(3906, 'Phường 15', 274),
(3907, 'Phường 17', 274),
(3908, 'Phường 1', 275),
(3909, 'Phường 2', 275),
(3910, 'Phường 3', 275),
(3911, 'Phường 4', 275),
(3912, 'Phường 5', 275),
(3913, 'Phường 6', 275),
(3914, 'Phường 7', 275),
(3915, 'Phường 8', 275),
(3916, 'Phường 9', 275),
(3917, 'Phường 10', 275),
(3918, 'Phường 11', 275),
(3919, 'Phường 12', 275),
(3920, 'Phường 13', 275),
(3921, 'Phường 14', 275),
(3922, 'Phường 15', 275),
(3923, 'Phường Hiệp Tân', 276),
(3924, 'Phường Hoà Thạnh', 276),
(3925, 'Phường Phú Thạnh', 276),
(3926, 'Phường Phú Thọ Hoà', 276),
(3927, 'Phường Phú Trung', 276),
(3928, 'Phường Sơn Kỳ', 276),
(3929, 'Phường Tân Quý', 276),
(3930, 'Phường Tân Sơn Nhì', 276),
(3931, 'Phường Tân Thành', 276),
(3932, 'Phường Tân Thới Hoà', 276),
(3933, 'Phường Tây Thạnh', 276),
(3934, 'Thị Trấn Tân Túc', 277),
(3935, 'Xã An Phú Tây', 277),
(3936, 'Xã Bình Chánh', 277),
(3937, 'Xã Bình Hưng', 277),
(3938, 'Xã Bình Lợi', 277),
(3939, 'Xã Đa Phước', 277),
(3940, 'Xã Hưng Long', 277),
(3941, 'Xã Lê Minh Xuân', 277),
(3942, 'Xã Phạm Văn Hai', 277),
(3943, 'Xã Phong Phú', 277),
(3944, 'Xã Quy Đức', 277),
(3945, 'Xã Tân Kiên', 277),
(3946, 'Xã Tân Nhựt', 277),
(3947, 'Xã Tân Quý Tây', 277),
(3948, 'Xã Vĩnh Lộc A', 277),
(3949, 'Xã Vĩnh Lộc B', 277),
(3950, 'Thị Trấn Cần Thạnh', 278),
(3951, 'Xã An Thới Đông', 278),
(3952, 'Xã Bình Khánh', 278),
(3953, 'Xã Long Hoà', 278),
(3954, 'Xã Lý Nhơn', 278),
(3955, 'Xã Tam Thôn Hiệp', 278),
(3956, 'Xã Thạnh An', 278),
(3957, 'Thị Trấn Củ Chi', 279),
(3958, 'Xã An Nhơn Tây', 279),
(3959, 'Xã An Phú', 279),
(3960, 'Xã Bình Mỹ', 279),
(3961, 'Xã Hoà Phú', 279),
(3962, 'Xã Nhuận Đức', 279),
(3963, 'Xã Phạm Văn Cội', 279),
(3964, 'Xã Phú Hòa Đông', 279),
(3965, 'Xã Phú Mỹ Hưng', 279),
(3966, 'Xã Phước Hiệp', 279),
(3967, 'Xã Phước Thạnh', 279),
(3968, 'Xã Phước Vĩnh An', 279),
(3969, 'Xã Tân An Hội', 279),
(3970, 'Xã Tân Phú Trung', 279),
(3971, 'Xã Tân Thạnh Đông', 279),
(3972, 'Xã Tân Thạnh Tây', 279),
(3973, 'Xã Tân Thông Hội', 279),
(3974, 'Xã Thái Mỹ', 279),
(3975, 'Xã Trung An', 279),
(3976, 'Xã Trung Lập Hạ', 279),
(3977, 'Xã Trung Lập Thượng', 279),
(3978, 'Thị Trấn Hóc Môn', 280),
(3979, 'Xã Bà Điểm', 280),
(3980, 'Xã Đông Thạnh', 280),
(3981, 'Xã Nhị Bình', 280),
(3982, 'Xã Tân Hiệp', 280),
(3983, 'Xã Tân Thới Nhì', 280),
(3984, 'Xã Tân Xuân', 280),
(3985, 'Xã Thới Tam Thôn', 280),
(3986, 'Xã Trung Chánh', 280),
(3987, 'Xã Xuân Thới Đông', 280),
(3988, 'Xã Xuân Thới Sơn', 280),
(3989, 'Xã Xuân Thới Thượng', 280),
(3990, 'Thị Trấn Nhà Bè', 281),
(3991, 'Xã Hiệp Phước', 281),
(3992, 'Xã Long Thới', 281),
(3993, 'Xã Nhơn Đức', 281),
(3994, 'Xã Phú Xuân', 281),
(3995, 'Xã Phước Kiển', 281),
(3996, 'Xã Phước Lộc', 281);

--
-- Indexes for dumped tables
--

--
-- Indexes for table `address`
--
ALTER TABLE `address`
  ADD PRIMARY KEY (`id`),
  ADD KEY `FK6i66ijb8twgcqtetl8eeeed6v` (`user_id`),
  ADD KEY `FKpr62ktjmkhyyqi1iy993dwoyu` (`ward_code`);

--
-- Indexes for table `brands`
--
ALTER TABLE `brands`
  ADD PRIMARY KEY (`id`),
  ADD UNIQUE KEY `UK_oce3937d2f4mpfqrycbr0l93m` (`name`);

--
-- Indexes for table `carts`
--
ALTER TABLE `carts`
  ADD PRIMARY KEY (`id`),
  ADD KEY `FKmd2ap4oxo3wvgkf4fnaye532i` (`product_id`),
  ADD KEY `FKb5o626f86h46m4s7ms6ginnop` (`user_id`);

--
-- Indexes for table `categories`
--
ALTER TABLE `categories`
  ADD PRIMARY KEY (`id`),
  ADD UNIQUE KEY `UK_t8o6pivur7nn124jehx7cygw5` (`name`);

--
-- Indexes for table `districts`
--
ALTER TABLE `districts`
  ADD PRIMARY KEY (`code`),
  ADD KEY `FK3t76jh2pa9qut6kmusygax32k` (`province_code`);

--
-- Indexes for table `orders`
--
ALTER TABLE `orders`
  ADD PRIMARY KEY (`id`),
  ADD KEY `FKf5464gxwc32ongdvka2rtvw96` (`address_id`),
  ADD KEY `FK1abokg3ghque9pf2ujbxakng` (`status_id`),
  ADD KEY `FK32ql8ubntj5uh44ph9659tiih` (`user_id`);

--
-- Indexes for table `order_detail`
--
ALTER TABLE `order_detail`
  ADD PRIMARY KEY (`id`),
  ADD KEY `FKrws2q0si6oyd6il8gqe2aennc` (`order_id`),
  ADD KEY `FKc7q42e9tu0hslx6w4wxgomhvn` (`product_id`);

--
-- Indexes for table `order_status`
--
ALTER TABLE `order_status`
  ADD PRIMARY KEY (`id`),
  ADD UNIQUE KEY `UK_bh2e1xhrxgk9lff9b5pa73t8p` (`name`);

--
-- Indexes for table `poster`
--
ALTER TABLE `poster`
  ADD PRIMARY KEY (`id`);

--
-- Indexes for table `products`
--
ALTER TABLE `products`
  ADD PRIMARY KEY (`id`),
  ADD UNIQUE KEY `UK_o61fmio5yukmmiqgnxf8pnavn` (`name`),
  ADD KEY `FKa3a4mpsfdf4d2y6r8ra3sc8mv` (`brand_id`),
  ADD KEY `FKog2rp4qthbtt2lfyhfo32lsw9` (`category_id`);

--
-- Indexes for table `provinces`
--
ALTER TABLE `provinces`
  ADD PRIMARY KEY (`code`);

--
-- Indexes for table `roles`
--
ALTER TABLE `roles`
  ADD PRIMARY KEY (`id`),
  ADD UNIQUE KEY `UK_ofx66keruapi6vyqpv6f2or37` (`name`);

--
-- Indexes for table `users`
--
ALTER TABLE `users`
  ADD PRIMARY KEY (`id`),
  ADD UNIQUE KEY `UK_6dotkott2kjsp8vw4d0m25fb7` (`email`);

--
-- Indexes for table `users_roles`
--
ALTER TABLE `users_roles`
  ADD PRIMARY KEY (`user_id`,`role_id`),
  ADD KEY `FKj6m8fwv7oqv74fcehir1a9ffy` (`role_id`);

--
-- Indexes for table `wards`
--
ALTER TABLE `wards`
  ADD PRIMARY KEY (`code`),
  ADD KEY `FKn3somnut7tl6qqo9b3dbsybfe` (`district_code`);

--
-- AUTO_INCREMENT for dumped tables
--

--
-- AUTO_INCREMENT for table `address`
--
ALTER TABLE `address`
  MODIFY `id` int(11) NOT NULL AUTO_INCREMENT, AUTO_INCREMENT=3;

--
-- AUTO_INCREMENT for table `brands`
--
ALTER TABLE `brands`
  MODIFY `id` int(11) NOT NULL AUTO_INCREMENT, AUTO_INCREMENT=6;

--
-- AUTO_INCREMENT for table `carts`
--
ALTER TABLE `carts`
  MODIFY `id` int(11) NOT NULL AUTO_INCREMENT, AUTO_INCREMENT=8;

--
-- AUTO_INCREMENT for table `categories`
--
ALTER TABLE `categories`
  MODIFY `id` int(11) NOT NULL AUTO_INCREMENT, AUTO_INCREMENT=7;

--
-- AUTO_INCREMENT for table `districts`
--
ALTER TABLE `districts`
  MODIFY `code` int(11) NOT NULL AUTO_INCREMENT, AUTO_INCREMENT=282;

--
-- AUTO_INCREMENT for table `orders`
--
ALTER TABLE `orders`
  MODIFY `id` int(11) NOT NULL AUTO_INCREMENT, AUTO_INCREMENT=8;

--
-- AUTO_INCREMENT for table `order_detail`
--
ALTER TABLE `order_detail`
  MODIFY `id` int(11) NOT NULL AUTO_INCREMENT, AUTO_INCREMENT=7;

--
-- AUTO_INCREMENT for table `order_status`
--
ALTER TABLE `order_status`
  MODIFY `id` int(11) NOT NULL AUTO_INCREMENT, AUTO_INCREMENT=7;

--
-- AUTO_INCREMENT for table `poster`
--
ALTER TABLE `poster`
  MODIFY `id` int(11) NOT NULL AUTO_INCREMENT, AUTO_INCREMENT=4;

--
-- AUTO_INCREMENT for table `products`
--
ALTER TABLE `products`
  MODIFY `id` int(11) NOT NULL AUTO_INCREMENT, AUTO_INCREMENT=17;

--
-- AUTO_INCREMENT for table `provinces`
--
ALTER TABLE `provinces`
  MODIFY `code` int(11) NOT NULL AUTO_INCREMENT, AUTO_INCREMENT=26;

--
-- AUTO_INCREMENT for table `roles`
--
ALTER TABLE `roles`
  MODIFY `id` int(11) NOT NULL AUTO_INCREMENT, AUTO_INCREMENT=3;

--
-- AUTO_INCREMENT for table `users`
--
ALTER TABLE `users`
  MODIFY `id` int(11) NOT NULL AUTO_INCREMENT, AUTO_INCREMENT=4;

--
-- AUTO_INCREMENT for table `wards`
--
ALTER TABLE `wards`
  MODIFY `code` int(11) NOT NULL AUTO_INCREMENT, AUTO_INCREMENT=3997;

--
-- Constraints for dumped tables
--

--
-- Constraints for table `address`
--
ALTER TABLE `address`
  ADD CONSTRAINT `FK6i66ijb8twgcqtetl8eeeed6v` FOREIGN KEY (`user_id`) REFERENCES `users` (`id`),
  ADD CONSTRAINT `FKpr62ktjmkhyyqi1iy993dwoyu` FOREIGN KEY (`ward_code`) REFERENCES `wards` (`code`);

--
-- Constraints for table `carts`
--
ALTER TABLE `carts`
  ADD CONSTRAINT `FKb5o626f86h46m4s7ms6ginnop` FOREIGN KEY (`user_id`) REFERENCES `users` (`id`),
  ADD CONSTRAINT `FKmd2ap4oxo3wvgkf4fnaye532i` FOREIGN KEY (`product_id`) REFERENCES `products` (`id`);

--
-- Constraints for table `districts`
--
ALTER TABLE `districts`
  ADD CONSTRAINT `FK3t76jh2pa9qut6kmusygax32k` FOREIGN KEY (`province_code`) REFERENCES `provinces` (`code`);

--
-- Constraints for table `orders`
--
ALTER TABLE `orders`
  ADD CONSTRAINT `FK1abokg3ghque9pf2ujbxakng` FOREIGN KEY (`status_id`) REFERENCES `order_status` (`id`),
  ADD CONSTRAINT `FK32ql8ubntj5uh44ph9659tiih` FOREIGN KEY (`user_id`) REFERENCES `users` (`id`),
  ADD CONSTRAINT `FKf5464gxwc32ongdvka2rtvw96` FOREIGN KEY (`address_id`) REFERENCES `address` (`id`);

--
-- Constraints for table `order_detail`
--
ALTER TABLE `order_detail`
  ADD CONSTRAINT `FKc7q42e9tu0hslx6w4wxgomhvn` FOREIGN KEY (`product_id`) REFERENCES `products` (`id`),
  ADD CONSTRAINT `FKrws2q0si6oyd6il8gqe2aennc` FOREIGN KEY (`order_id`) REFERENCES `orders` (`id`);

--
-- Constraints for table `products`
--
ALTER TABLE `products`
  ADD CONSTRAINT `FKa3a4mpsfdf4d2y6r8ra3sc8mv` FOREIGN KEY (`brand_id`) REFERENCES `brands` (`id`),
  ADD CONSTRAINT `FKog2rp4qthbtt2lfyhfo32lsw9` FOREIGN KEY (`category_id`) REFERENCES `categories` (`id`);

--
-- Constraints for table `users_roles`
--
ALTER TABLE `users_roles`
  ADD CONSTRAINT `FK2o0jvgh89lemvvo17cbqvdxaa` FOREIGN KEY (`user_id`) REFERENCES `users` (`id`),
  ADD CONSTRAINT `FKj6m8fwv7oqv74fcehir1a9ffy` FOREIGN KEY (`role_id`) REFERENCES `roles` (`id`);

--
-- Constraints for table `wards`
--
ALTER TABLE `wards`
  ADD CONSTRAINT `FKn3somnut7tl6qqo9b3dbsybfe` FOREIGN KEY (`district_code`) REFERENCES `districts` (`code`);
COMMIT;

/*!40101 SET CHARACTER_SET_CLIENT=@OLD_CHARACTER_SET_CLIENT */;
/*!40101 SET CHARACTER_SET_RESULTS=@OLD_CHARACTER_SET_RESULTS */;
/*!40101 SET COLLATION_CONNECTION=@OLD_COLLATION_CONNECTION */;
